str1,str2,date1,int1,float1,date2,str3,int2,float2,str4
DDDDL2fugRDl,00co1BrA,2013-04-16,99.0,7.612,1978-04-22,sJizJtJK,39.0,6.6129999999999995,DDD
EEEkRkipZZy,00M3R0Cb,1977-01-18,61.0,-4.931,1996-08-09,1aWJNm8e,-27.0,7.69,EEE
DDDDvlaDYvI9,00nkntFJ,1967-11-22,33.0,5.034,1963-11-22,NY7CuGjZ,49.0,3.6689999999999996,DDD
BBBLfIyPlEx,00QGZi60,1986-03-05,-73.0,-3.932,1998-03-05,q4YLfzWT,-1.0,4.071000000000001,BBB
EEEGO1KVyl4,00xD8FJA,1970-10-07,-33.0,-5.574,2007-11-13,viKbHgRO,16.0,-7.89,EEE
AAAPaKN6gvV,00xs8khJ,1989-12-18,-58.0,0.61,1982-09-22,RYxKNiZH,-5.0,3.988,AAA
CCi1lHwy0j,00ZGs7Co,1991-01-04,43.0,-5.022,1960-02-05,wmDJAl7r,33.0,1.896,CCi
EEECsa3EZh6,012brWwJ,2000-08-08,-64.0,-1.874,1963-06-04,TWXj5fG6,13.0,8.007,EEE
DDDDv80Ug0M7,012MNLoL,1960-06-19,-52.0,8.647,1999-08-26,qR3S3LIV,22.0,-5.0760000000000005,DDD
HHH9QFmMoic,0176aw0l,1989-09-08,29.0,-5.36,1968-07-21,sZDMYq4k,-85.0,8.557,HHH
KKFnnmzhwf,01ab5kbI,1972-11-02,21.0,-4.7860000000000005,1991-06-06,WkWnm1j4,-12.0,-3.802,KKF
LLLeDXjl8Ki,01BjrEtS,1955-11-15,85.0,9.339,1952-03-02,fpAGFJZx,60.0,-2.378,LLL
BBBBhkqmnWi,01ETDvXM,2012-05-27,25.0,-5.739,1961-05-03,lWkOoJhO,-6.0,3.7769999999999997,BBB
HHHYhJ2r68P,01FrBFrN,1972-12-21,-92.0,-8.476,1962-04-07,3pFCbKHY,-65.0,-3.6919999999999997,HHH
CCfSM0o53Y,01GNHPyE,1975-02-01,-16.0,-8.366,1960-05-11,R1tfx6iz,-93.0,-5.13,CCf
DDDDWSLlMfXO,01j7JjWH,1995-04-28,99.0,-6.359,1986-09-21,w7Yh08U8,31.0,-0.048,DDD
HHHnEj8rDKO,01Lejqje,1963-02-26,29.0,-6.156000000000001,1964-01-10,yFGfG4qv,-44.0,2.5810000000000004,HHH
HHHXfmoqr0X,01oXgfk1,2007-04-25,37.0,-1.499,2009-01-24,2pFAtVq9,9.0,-1.795,HHH
BBB4KOrAABM,01qINmyV,1987-10-06,-52.0,9.856,1962-04-28,AZkMVD6h,-48.0,3.7039999999999997,BBB
CCtlMStG1x,01tL8H9j,1999-12-19,-97.0,4.958,1961-01-26,FfCEAb6V,46.0,-8.677999999999999,CCt
AAAH7MN1bVk,01vkWHyg,1967-12-13,-94.0,6.22,2004-10-11,nK993W2e,-81.0,4.27,AAA
BBBzRMOkWyz,023NSqnn,2003-01-12,17.0,-5.816,1982-07-18,Kat4gi9M,-58.0,-8.17,BBB
AAAYltzyV2K,026A0A4l,1961-07-18,-87.0,1.402,1997-02-27,mC8qYskg,-22.0,8.368,AAA
EEER81bRDwE,02C6wFk3,2009-06-26,20.0,-8.406,2014-03-26,wwmNjhNr,38.0,3.241,EEE
LLL4tItmjQB,02EOeHHW,2007-02-08,65.0,-7.575,1982-08-24,mTj4Erf5,89.0,5.542000000000001,LLL
CCV4pV5Lhz,02GUQM1L,2011-12-31,18.0,-1.129,1972-01-01,y5D5F4j6,83.0,8.84,CCV
LLLSlFstfoJ,02i5Xlzv,1967-04-26,-53.0,-3.117,1997-03-14,zHMRaart,-5.0,-8.7,LLL
HHHaOcwpfMh,02plwsWH,1966-05-27,42.0,1.3459999999999999,2001-07-01,AOR4wO5o,-3.0,-6.229,HHH
CCv7riiG3X,02RoGssb,2002-05-10,-89.0,-1.4809999999999999,1975-12-01,EyyuRCtc,14.0,1.7590000000000001,CCv
DDDDqXuxflG5,02SLYLLa,1993-03-13,-79.0,2.269,1988-06-12,ccEVSRhs,92.0,4.1080000000000005,DDD
DDDDV3XaX1cI,02SN4uNG,1956-10-10,35.0,2.886,1976-04-13,c3CwB5v8,13.0,-2.303,DDD
HHHzjsisZDo,032c5rUW,2003-10-25,-19.0,0.8270000000000001,1977-06-11,EcQVpaND,93.0,-0.10800000000000001,HHH
CCD4w98SYT,032VDiF7,1984-05-22,-81.0,-6.697,2000-05-02,uJqbkoYx,-42.0,8.022,CCD
AAAZQOi1yyn,0358oL6P,1959-05-10,-61.0,4.196000000000001,2011-03-01,2QM6moeP,-39.0,-8.024,AAA
FFj7i3Mpgv,035wvUoG,1959-03-26,-22.0,4.102,1957-09-10,i56vRYI2,93.0,-7.0889999999999995,FFj
CCHyuP6ucJ,036f5hQO,2016-06-09,89.0,-2.0780000000000003,1959-09-27,EDwpDoIv,-54.0,6.551,CCH
KKyEXvhP8O,036vDBq1,1964-05-11,2.0,-4.012,1962-01-08,gobYDaEY,12.0,1.8359999999999999,KKy
HHHcHqqKnSj,039Upc7b,1972-03-28,-78.0,6.189,1983-02-06,5PAysLmz,66.0,-0.332,HHH
KKDnnZQ7cj,03ATqGJR,2013-11-10,-57.0,2.136,1978-02-08,TD2hgfVz,28.0,9.096,KKD
CCn01mo3Kz,03bE1nK4,1957-03-08,-85.0,-8.085,1999-11-28,PmI5ct51,96.0,8.008,CCn
AAAILMYcs8z,03FP5O9h,1959-07-02,69.0,1.156,2016-07-30,vc3CAIrr,42.0,-7.9639999999999995,AAA
HHHghNqqorS,03hNP8oB,1951-01-20,-64.0,7.87,1997-02-11,pzuoCUQY,84.0,3.306,HHH
CCbB0fjioO,03IDIcIg,1951-12-03,73.0,0.545,2013-07-18,6LFSBP0q,-10.0,0.816,CCb
LLLGoNxJQqI,03jRUU0m,1960-09-12,47.0,-8.017000000000001,1996-11-22,LaK9iT5z,-39.0,-6.107,LLL
DDDD4gepfeXW,03klDjA4,1978-08-14,-34.0,-1.919,2012-03-11,WcZqQ9jo,91.0,1.101,DDD
BBBWQS6GBWg,03L1m5Ru,1984-01-22,79.0,-1.236,1960-08-09,v1DTQGED,52.0,3.071,BBB
FF7NCaS5VO,03lc7258,2009-07-07,-92.0,-3.6839999999999997,1986-07-14,BLW7Rp5l,48.0,-7.834,FF7
DDDDujX7afgF,03mQW9W5,2006-01-24,-35.0,-6.525,1979-02-06,0Mi7yvja,-74.0,-4.738,DDD
CCKKuf1Uj1,03QLIDjr,2004-05-23,-62.0,-5.0969999999999995,1967-12-06,IZNzF3Lp,-92.0,4.273,CCK
LLLkAEV2Xbj,03r3nIlp,1963-06-15,-32.0,-7.01,1997-10-07,8ZYpHyEy,78.0,-5.785,LLL
LLLF1I4Z5ms,03w8Zicq,1953-07-07,-78.0,-7.34,1971-12-03,AMVsEGQL,-41.0,7.445,LLL
CCNQTSyZBq,03z0wICo,2012-08-07,8.0,3.1710000000000003,1997-10-29,CsIjwkBZ,-45.0,-3.764,CCN
GGsMSjzWra,03ZLX9ww,2015-12-07,-80.0,-9.542,1974-08-16,qKQMLNfT,-59.0,9.998,GGs
LLL0sWahApI,046swZsy,1976-03-16,-41.0,-4.629,1984-02-25,PupOZRg1,11.0,0.607,LLL
HHHmDFWzU9X,048wnCy7,1956-04-12,18.0,3.5239999999999996,1990-10-14,yiibqbwU,-28.0,-1.709,HHH
DDDDah6rRhRf,04fLSlZ4,1992-07-11,53.0,4.436,1956-04-24,x05tOcCC,76.0,2.878,DDD
HHHiQI4XtkQ,04FQAyDV,1954-01-07,21.0,5.877999999999999,1984-07-09,YEEHazQl,-72.0,-1.556,HHH
GGCOqfkKzz,04hHXzoV,2014-06-24,82.0,9.679,2005-03-03,kWpTpWbv,-65.0,8.566,GGC
GGGGDPKnIW,04HYgZtx,1951-07-17,14.0,9.994,2005-04-14,CE5ULaZl,-57.0,-6.046,GGG
LLLioWXMl4h,04I1hS4Y,1956-09-30,65.0,-6.165,2010-09-27,mX1FVU6T,-26.0,-8.997,LLL
FFwnz8BNtb,04k1tXNi,1982-01-18,73.0,-7.367999999999999,1994-01-14,qEaUQPjX,-23.0,-1.556,FFw
GGKrXnpfE3,04LIhosO,1956-06-12,-77.0,4.9,2010-02-11,sugAgn83,31.0,2.519,GGK
LLL2n9uNbv7,04MGUnyl,2004-03-19,59.0,-4.352,1971-04-06,3PKtZLL3,-8.0,5.567,LLL
HHH4xvof0yU,04oCWncy,1975-03-11,-65.0,-0.133,2008-07-25,GJTVKDAt,41.0,0.721,HHH
FFAPvH6rEp,04p678i5,1983-08-15,-41.0,4.876,1978-07-05,K4Yow8G2,22.0,-8.816,FFA
AAAC2MZ58iF,04uapT58,1972-09-29,11.0,3.325,1968-10-29,EbGKiVIy,48.0,-4.128,AAA
DDDDItrFAM1D,04X1VXaM,2000-02-27,63.0,-7.042999999999999,1978-10-23,ZD3h4hV4,-78.0,-5.1610000000000005,DDD
FFtYfkFmMb,04Z9y9tf,1965-08-02,-2.0,7.781000000000001,2001-08-28,rRbbSqa4,46.0,-3.005,FFt
GGS0kn5qHp,050XTfKl,1994-09-25,78.0,3.1830000000000003,1969-07-12,xtsxQAvA,-78.0,4.312,GGS
AAAAjvzOT9e,052C9pCa,1955-09-24,-62.0,8.923,1957-12-17,QLPIZahL,53.0,-3.944,AAA
LLLR9Ea1m5Z,052kf6jy,1975-04-06,-86.0,7.02,1952-03-30,H6gOKQT5,80.0,3.0469999999999997,LLL
CCzrklMKOM,056xk3fG,1978-12-10,84.0,-2.096,1965-09-15,uAyiKaYz,52.0,-3.781,CCz
EEEoMv4COrG,05EPwQ0c,1963-03-15,65.0,-7.6129999999999995,1979-05-23,784OUArG,-99.0,1.105,EEE
LLLFam70SgV,05FaMyuN,1974-05-13,79.0,7.507999999999999,2002-09-20,mFtmJ992,-1.0,-5.992000000000001,LLL
EEElJ7vjcFi,05k1IK2p,2012-07-09,-81.0,0.792,2009-07-09,ibpzPkD1,-82.0,2.148,EEE
CCuLSqmre4,05kja1sB,2006-02-20,-53.0,6.506,1964-12-16,aDGXznH0,-5.0,5.712000000000001,CCu
KKgqPxCF9t,05oYxVw0,2005-10-04,-27.0,2.283,2002-04-09,lGPiIZlf,84.0,-1.6380000000000001,KKg
EEE9kAbGae4,05XDZiY6,1983-02-19,65.0,7.31,2013-11-30,JaGRJlaL,36.0,-7.912000000000001,EEE
FF0mHZyApY,05XR2TFJ,2010-06-09,8.0,-5.327000000000001,2003-06-12,cyEuqwbt,-53.0,3.056,FF0
CCOsMhOUVQ,05ZWanKM,1958-12-01,-23.0,-3.242,2010-07-27,2nAxQl4y,4.0,-5.643,CCO
HHHoycXhxUq,061LTTmN,2011-01-21,-9.0,8.76,2011-05-10,YmZHE357,-25.0,-4.1610000000000005,HHH
HHHOcykVOsx,063xH1Zk,1968-06-11,66.0,9.387,1977-06-15,aqG9jgXQ,-12.0,9.363999999999999,HHH
CCwSvk9CYX,0650gzFB,1968-04-27,74.0,5.143,2011-05-25,x1SPHHm1,10.0,8.154,CCw
EEEQFumcnwu,066FE8jx,1987-09-24,6.0,-0.509,2012-07-14,YLWmkQt9,-71.0,8.924,EEE
DDDDvZqeZg4R,066PH8u1,1970-12-17,2.0,6.992999999999999,1988-12-29,KO6NFGzn,22.0,8.71,DDD
LLL7oJCBoHt,069269zs,1965-07-03,98.0,-9.97,1964-03-04,SRc7N4rW,100.0,-2.889,LLL
CChizuY0gj,06eBoriO,1989-03-11,75.0,4.105,1996-04-10,j1Q47cSE,53.0,3.925,CCh
GGuw2hOvEE,06EZ4wQE,1970-12-24,13.0,-4.837,1955-10-09,EUYTRiDz,-51.0,-7.087000000000001,GGu
HHHWFNwq7Aw,06fXFbZq,1958-04-18,-80.0,1.012,1979-03-27,lcl7GpMN,-10.0,-2.36,HHH
CCZQQgWQLH,06i1a7g1,1989-09-05,-38.0,-2.931,2001-09-25,L2OmBK1a,6.0,-3.766,CCZ
HHHH9gwf2M1,06Ym33XS,2008-12-21,57.0,-5.162999999999999,1992-08-21,RZb3QGnm,98.0,-1.3519999999999999,HHH
FFJ8prZlqw,06J7hjw5,1987-04-14,-15.0,6.442,1996-09-17,0RNXS6mI,68.0,-7.31,FFJ
FFjnJ03HbB,06NfeBLH,1982-12-27,-92.0,0.975,1995-10-01,v9twk4CP,64.0,-4.056,FFj
AAA6T7z363D,06sVfaAA,1978-08-24,56.0,-7.707999999999999,1953-11-27,EA5jYoQ8,48.0,9.279,AAA
GG3fbhHofq,06ueuCha,2013-06-23,-90.0,1.194,1977-06-09,ZIlt4e1b,59.0,-0.22,GG3
CC82iVRDZK,06UkVZLC,1955-07-11,92.0,-3.9130000000000003,2007-01-27,RxvpIESw,-30.0,2.596,CC8
GGZ6lqFISz,06XGs7GL,1952-01-19,72.0,9.774,2002-03-12,wOyRSv38,-84.0,-9.014,GGZ
LLL7a2r3oHY,076NXcof,1976-12-02,76.0,3.2510000000000003,2008-07-09,rOz3vPew,37.0,6.2989999999999995,LLL
HHHJS1qU8oX,077elIXL,1980-01-06,95.0,4.147,2003-07-27,EvB4nmSs,-71.0,3.6510000000000002,HHH
GGB60JE98e,077l7a8s,1993-10-12,15.0,-6.047000000000001,2009-05-23,mvCZo2NY,-71.0,-1.844,GGB
DDDDfw7PFa6o,07cfQC8t,1990-03-18,8.0,4.5360000000000005,1951-07-27,ZaBfjC5U,36.0,-8.167,DDD
BBBIYDIsMfK,07ecYEIg,1956-11-19,-31.0,-1.2670000000000001,2014-01-19,rSofhqgB,39.0,-4.137,BBB
BBBvGnAqknI,07FPav89,1995-06-02,-24.0,4.324,1991-03-01,JsuGngLO,36.0,0.818,BBB
KKcuT3QyND,07G1tTKC,1997-06-15,-24.0,-3.427,1957-08-27,eQfxZJuX,-100.0,6.6160000000000005,KKc
LLLUsn3ei6i,07hA4Mnz,1957-07-27,99.0,-3.875,2001-07-08,f7IA2SxK,92.0,-9.353,LLL
AAAqCqJ0RJv,07LeCZws,1981-07-17,76.0,-5.845,1971-05-25,EPSeubg4,49.0,-3.2039999999999997,AAA
EEEbqCPoQDQ,07Nb41um,2014-07-15,68.0,8.262,2013-02-20,fnvHWa2h,-4.0,9.911,EEE
AAAEMsyrNSR,07rVfRot,1956-10-04,9.0,-0.919,1953-01-25,KshVWEVu,56.0,-1.8780000000000001,AAA
HHHbDCSIKlP,07siVBy7,2014-08-21,-99.0,-9.5,1988-11-24,Jfgb0Tk8,-13.0,-9.466000000000001,HHH
HHHKIVrofNb,080YTEhT,1982-11-07,-11.0,2.763,1962-03-18,tqH2GY11,55.0,4.373,HHH
CCfkUBHbs7,082gIP2g,2004-03-31,9.0,-3.78,2008-03-07,VYq0lsXF,-24.0,-7.617000000000001,CCf
FFS0UGs2cz,08bWUQAf,1968-01-18,56.0,-7.295,1972-05-26,zwJsD7mk,8.0,-4.84,FFS
AAAWKGl84Zj,08eq1mNQ,1957-05-19,35.0,9.917,2004-03-09,4xw5Qghr,26.0,-2.162,AAA
GG1nW5PohI,08LU6Hte,1978-02-14,-64.0,-0.5329999999999999,1985-02-14,NKbiouPv,87.0,9.017999999999999,GG1
BBBCO9Lr2YL,08P1OZZt,1980-01-10,-4.0,-3.57,1956-04-23,Y9m85Ryx,-25.0,-9.349,BBB
HHHig4H8mkt,08qFNS6k,1978-10-26,-69.0,-1.079,2006-12-23,cbZANbAz,26.0,-0.825,HHH
AAA0RokCW8o,08RGJtu3,1959-11-30,65.0,-5.749,1971-01-30,r38KgOBZ,100.0,-7.897,AAA
GGMAyBfiMc,08UK5pBU,1984-03-13,-76.0,4.363,1991-12-06,uwkwJ0KP,-13.0,2.685,GGM
DDDDTvcqnXVH,093RsRu0,1979-10-28,-76.0,-1.115,1954-02-22,3ihnUnND,1.0,-1.915,DDD
CCj7YxNuyE,097vDu4z,2014-10-11,-79.0,7.867999999999999,1969-07-08,p6En5tDP,56.0,-2.364,CCj
CCZqoR5rtR,09Bbbr6Q,1993-06-03,10.0,-1.578,1962-03-13,T5tOB0Zo,-84.0,8.391,CCZ
GGKofg6ogx,09c1lJ04,1994-07-23,-43.0,8.951,1972-08-12,hLwxMFsO,59.0,2.435,GGK
KKv2hhb2ZW,09R1GhiI,2002-01-15,2.0,4.537,1961-03-05,OUZJbpEf,-38.0,-3.193,KKv
HHHNfoAg1Bi,09StBfQo,1964-08-26,61.0,3.7239999999999998,2014-09-28,PxL6HThN,-86.0,1.209,HHH
HHHjLTqJ4ND,09tKzpMb,1954-02-06,72.0,-1.8359999999999999,2007-10-18,ypryA39Y,98.0,-7.195,HHH
CCxPayp106,09U7upIz,1968-09-02,28.0,4.262,2006-03-20,Df4psoNo,33.0,7.438,CCx
FFintJ8wya,09VAeYR9,1996-12-07,54.0,8.168,1968-08-11,5zuunIVr,88.0,6.837000000000001,FFi
EEEvK7PZiT1,0A0u6XoO,2003-07-26,9.0,-8.805,1981-09-15,jFLK4Aw1,-100.0,-7.442,EEE
FFVA0U0Rmt,0A2mLltN,2017-04-18,-47.0,0.409,2014-05-30,X4aeg2fg,-87.0,2.8360000000000003,FFV
BBBTeVAuYxK,0a3c1bPc,1999-02-07,-74.0,-0.716,1951-01-25,utitXVsp,71.0,8.466000000000001,BBB
HHHhCUxP3iT,0a4JIa5E,1996-04-20,-25.0,-9.475,1987-10-02,gWF9GsuM,-94.0,-9.654,HHH
DDDDFvPcBz5D,0A4zTXEp,2015-09-04,-98.0,1.485,1958-01-26,ujvYAHwl,72.0,8.006,DDD
HHHCCiYFYJ9,0a6DjNBG,2013-02-11,19.0,1.147,2003-07-14,6nnMJ5Ei,58.0,9.21,HHH
FFPVRXzY3O,0a8AAct3,2000-07-12,-37.0,-0.282,1979-01-17,U1xaCyLn,32.0,7.269,FFP
EEES7oES0bA,0aAZcRlU,1953-06-18,67.0,-1.202,1970-07-18,280ClASn,-53.0,3.516,EEE
HHHKZeEKOrw,0aB9zYWM,1988-10-05,-28.0,-3.324,1955-05-17,pAKRri45,-99.0,-9.392999999999999,HHH
LLLCyazBNOW,0aC7Hk6J,2002-07-02,-49.0,1.485,1992-02-22,tv7It2r9,-30.0,-0.847,LLL
BBBWA44y6YS,0AE5wyzi,1964-10-08,51.0,-4.109,1983-01-29,JX7LGTJm,61.0,9.396,BBB
FFqjqJ55Ky,0AeW5qiJ,1987-12-01,-22.0,-9.2,1953-11-23,iYAWnP3b,-34.0,3.208,FFq
FFJZBOehxk,0afDIiVc,2005-12-08,-3.0,3.093,1969-02-18,ReTBlhiq,-80.0,-2.112,FFJ
GGDNvNeQqa,0aGnP1nA,2004-04-14,-44.0,3.1519999999999997,1987-11-13,N3HLkHmg,72.0,-4.444,GGD
BBB6VVC2UmL,0aGS5zwV,1955-10-15,-69.0,-2.661,1956-02-05,aDrWe21u,-3.0,1.714,BBB
LLLs0x4oGec,0AI2xUi3,2004-03-19,37.0,2.093,1989-09-13,L4NyAcLR,8.0,6.266,LLL
AAAEPAQ4DJs,0aIa0PJw,1977-02-06,-69.0,-0.268,1957-07-05,D2JCR91r,42.0,-2.004,AAA
AAA6ErG3Us5,0AiHgoC3,1998-08-30,90.0,9.636000000000001,2016-06-20,BikW3QCb,-76.0,4.471,AAA
DDDDyrY0mR2o,0AiPB2au,1954-01-09,-38.0,6.209,2012-12-15,FyvCnrYg,40.0,-1.258,DDD
LLL1e9CF357,0alG8mlA,1965-10-16,12.0,-1.089,1960-05-18,ITjb8HzJ,-75.0,-0.023,LLL
AAARhWLG3e9,0AmNGvMs,1952-06-19,-95.0,1.565,1994-03-09,bfsBKovh,-47.0,-4.437,AAA
CCQhZmYxDz,0aoIGCbO,1952-04-11,75.0,-3.062,1964-02-17,h1eWpjm5,87.0,-2.8480000000000003,CCQ
BBBCqYyNuZm,0AOk0y9K,2010-12-13,85.0,-0.721,2015-07-09,sMMrAOr3,30.0,1.445,BBB
LLLRtj0bLNw,0aOMHGBe,1992-01-27,94.0,9.049,1999-05-26,slEpfs30,17.0,6.537999999999999,LLL
HHHBmYsTP71,0AREa8aJ,1980-09-08,85.0,3.42,1981-07-15,zblRfW5B,-55.0,6.224,HHH
GGJLaNAGiZ,0aRRTDpV,2012-02-07,51.0,1.285,1964-09-28,G65Vw817,-7.0,9.327,GGJ
HHHwGgcu137,0ATSBONr,1967-03-19,-76.0,0.203,1970-12-14,9TYbn8fK,42.0,-7.781000000000001,HHH
EEEIlrBBcIC,0aUJ2nnr,1987-10-26,-16.0,7.66,2011-12-20,jvu2hQA5,18.0,-0.6679999999999999,EEE
AAAoMag7fce,0AUnRzee,1962-01-10,-59.0,9.379,2010-06-11,DB9fIYy5,45.0,-0.595,AAA
DDDDkjFCnJ4s,0Av8WVso,1974-06-17,10.0,5.997999999999999,1966-09-18,vWAzsPaH,32.0,-5.225,DDD
DDDDmTvvkul3,0AWJIVvL,1953-07-08,33.0,2.805,1976-06-26,08nKNQkf,18.0,-2.737,DDD
FFOUFRLCn3,0Axp7hHP,2002-02-13,50.0,-1.626,1969-02-01,wcVPBzoc,51.0,-0.149,FFO
FF80gyNCQX,0axsjraA,2004-03-20,-82.0,1.069,2006-05-11,VJpJqvHs,29.0,7.314,FF8
BBB4h5b4vJS,0aZTXuni,2002-12-20,44.0,-2.146,1985-05-09,2qSrsFSk,-95.0,7.13,BBB
CCyPRIjIKW,0B0U2mlI,2007-08-15,-27.0,1.7790000000000001,1998-06-21,33xJjfc0,-79.0,8.966000000000001,CCy
GG56ikm4tE,0b1WlQIi,1999-03-17,-41.0,-8.302999999999999,2003-06-13,LTvHvmQi,44.0,-0.40399999999999997,GG5
KK8jMP9MAJ,0b2CwkXr,1963-06-19,-74.0,6.871,1968-01-18,4PPy5fyB,87.0,-1.494,KK8
EEEyM264CtK,0b2hIl7D,1963-08-07,83.0,-3.491,1967-01-10,khgBTzI2,-44.0,2.9130000000000003,EEE
AAATUVCtsOD,0b4Y4uNQ,1965-03-11,-7.0,-1.98,1998-11-01,wL8ITTcI,78.0,-3.1519999999999997,AAA
EEEw21Tn9oa,0bAk6SOo,1957-04-28,-85.0,3.864,1960-09-13,iGIvlZgR,38.0,6.776,EEE
EEEtXacNyL4,0bD5K8vK,1967-02-09,-5.0,1.571,1986-03-28,r31wh7kK,59.0,-1.246,EEE
DDDDyaIVqJJy,0Be4Bwfr,1969-07-14,20.0,-1.073,1963-10-10,nN2PfEQ9,86.0,9.506,DDD
DDDDpOHhBGy6,0Befs4zi,2013-06-21,99.0,2.501,1960-11-16,uHQWSbXn,-17.0,-7.651,DDD
FFMYfz0ZG5,0bftkAbX,2009-05-12,76.0,5.367000000000001,1993-11-09,v8qcCi4z,6.0,-4.138,FFM
KKZzQNCVy1,0BgJrCeB,1997-09-16,-9.0,3.295,1957-12-22,9w4mmP6t,-30.0,5.861000000000001,KKZ
CCo9MAMtSQ,0bgZycGP,1954-08-30,-90.0,6.564,1994-10-27,P0xzgGnL,-12.0,3.2489999999999997,CCo
KKRUbXw9xW,0bYBl3ZB,1954-02-08,-27.0,-4.069,1952-12-20,v8vD6Wa1,33.0,7.971,KKR
HHH4lw7EAvv,0bkuQql5,1969-12-29,76.0,-3.353,2002-08-21,Hn0ziKZl,50.0,4.789,HHH
FFzqDtMi2E,0bL5E1y1,2004-06-09,-13.0,4.537,2014-10-05,qXzFIstK,24.0,-9.007,FFz
CC8vYiIFD6,0blAJLj4,2015-01-14,73.0,-0.348,2012-02-13,wa28wfOP,-100.0,-6.92,CC8
FFLE3pADej,0BlI8JAy,1959-10-28,12.0,-7.657,1956-05-03,MNVo8Nip,100.0,-5.256,FFL
FF2OL3kNCw,0BlO5cwQ,1984-10-19,-87.0,2.28,2008-09-17,lNtwQO7W,-69.0,7.505,FF2
BBB6zEBBFcQ,0bnwKzQ7,1994-05-30,52.0,-1.038,2014-02-19,p4Qm5kh7,62.0,-6.8229999999999995,BBB
HHH1Un4JWIZ,0bq7vPts,1964-09-11,-4.0,-8.722999999999999,2007-04-13,yofFjtiM,-75.0,-1.6119999999999999,HHH
EEEg6U32KhY,0BRNHnNI,1970-07-13,-68.0,3.83,1989-05-18,LWSkXtlk,-84.0,7.74,EEE
DDDDYZRpHNgq,0bsPFUYl,1997-12-21,-64.0,4.731,2014-08-14,uqyT8BCz,-17.0,-7.984,DDD
GGCXAb2TqS,0BTv80NA,1974-04-30,-19.0,8.056000000000001,1999-09-12,xDhgE1WK,19.0,-9.402999999999999,GGC
BBBLF7txhgw,0bufer14,1970-12-23,94.0,6.577000000000001,1976-03-02,VRoDSHBg,26.0,9.645,BBB
CCBacD4HNO,0BuWmm3w,1972-07-11,1.0,-2.039,1952-09-24,XcV3XLQA,-29.0,4.458,CCB
DDDDfQyNOCxL,0bw9SoG0,1973-03-03,48.0,7.8229999999999995,1957-04-24,E838raT2,-45.0,-6.204,DDD
FFvC7VbsgW,0BWPjDA2,1956-09-06,27.0,2.815,2011-08-04,i2is4Dgm,95.0,-1.765,FFv
LLLSvGmLCaF,0bxRrBm4,1991-10-22,63.0,3.077,2000-01-01,FGST2Sa2,96.0,1.845,LLL
EEEavsasBmr,0bZ5xqBn,1995-10-09,17.0,-0.09300000000000001,2004-10-13,9VE16pbn,82.0,0.647,EEE
CClDmagpwk,0C0Yb9Iz,1988-08-02,75.0,3.2119999999999997,1963-05-28,NDsi9knR,33.0,-8.433,CCl
FFHZPFTqqc,0c0ySvcW,1965-03-15,100.0,-4.131,2010-07-15,PemVrfU6,-38.0,-4.375,FFH
DDDD2wRDZASj,0c2DlhD5,1999-03-20,-70.0,-1.195,2010-05-03,oJwVrprl,15.0,7.846,DDD
EEELmEonFPP,0c4U4NLh,1976-03-11,58.0,-8.752,2000-11-13,LPmDXfxM,-2.0,8.177999999999999,EEE
BBBvUosxaJm,0CauG127,2008-03-29,-77.0,-7.186,2007-03-17,RTe3nDJt,-42.0,9.703,BBB
CCi4bm631C,0CcENYUK,1993-12-09,-94.0,8.587,1967-10-18,PgspZzrw,-91.0,-9.967,CCi
EEEmSLD3JSU,0CeilRKl,2007-08-22,89.0,9.142000000000001,1984-04-10,6EJtBOJs,-28.0,1.911,EEE
LLLNyM9t0xI,0ciMWmUx,1996-09-27,-7.0,-3.543,2012-03-05,PlckHmJN,-65.0,4.255,LLL
LLLLzVkfqKa,0cKbu0Cn,1998-12-01,25.0,-4.283,1974-02-28,J0i59pLw,-7.0,8.347999999999999,LLL
DDDDp9rkW031,0CljaYwW,1969-12-30,-96.0,2.736,1981-11-24,2LEjQfSe,-47.0,1.3630000000000002,DDD
EEENaoghsPZ,0CmNDXvq,2001-05-04,-74.0,-1.6980000000000002,1996-12-10,ZXXoKQj2,18.0,-1.855,EEE
AAAUEgsbpF7,0cmrvyaq,2014-11-20,-55.0,-6.983,2001-04-02,lhHsHyCG,5.0,0.273,AAA
GGNxtiZsTY,0cNDOXjA,1988-04-25,-21.0,4.251,1977-05-22,pGXwuPaJ,37.0,5.113,GGN
KKPLM4lEx0,0CNkMvVt,1956-09-13,17.0,-8.437999999999999,1959-09-11,UWRRPSbJ,-79.0,-1.514,KKP
AAA0mPIBmF4,0CprDDBo,1963-12-16,62.0,-7.722,2007-01-16,9CSn1hZG,11.0,-7.431,AAA
HHHuJOZYriX,0CRyXqql,2006-03-11,87.0,-0.111,1999-06-03,qhmqZGPJ,82.0,-3.7889999999999997,HHH
KKqlgpfK22,0cRTKFl5,1968-11-07,19.0,3.8569999999999998,1958-10-19,tPnkC9e0,95.0,-7.957999999999999,KKq
HHHL8Fofxk7,0cWpFtZE,1951-01-27,-7.0,2.92,2008-07-26,SHoiObsB,-76.0,-8.496,HHH
EEEBbMj8wli,0cwREsVo,1991-06-24,49.0,-0.445,1985-12-01,2RCsVF8b,45.0,-0.773,EEE
LLLiGt70ERh,0D6mOwFf,1992-11-07,22.0,1.685,1974-07-01,6jjl7I2V,65.0,7.098,LLL
EEExTiR233U,0DbmVUIe,1980-06-20,25.0,-8.857999999999999,1954-10-28,EHjgkDC6,1.0,5.849,EEE
BBBrIigc5vk,0DDFNIjh,2015-06-28,-1.0,-6.715,1972-04-01,PTjtOKbD,-76.0,7.419,BBB
AAAmnrMNmjf,0DFgeUp6,1984-12-12,-95.0,-5.721,1964-03-25,aQxtezBY,-35.0,1.7209999999999999,AAA
BBBhmkK4Ruq,0DYmVzGb,1954-07-25,42.0,9.222999999999999,2000-02-22,UzZcUpSr,49.0,2.506,BBB
EEED6saUmti,0DywqJUh,1973-04-08,51.0,-0.68,1995-07-02,f1pOAFrh,32.0,8.226,EEE
KK6whsnZsb,0Dk7l4Lp,1972-12-23,-79.0,1.4669999999999999,1968-08-30,DH0IowmU,-20.0,-7.551,KK6
BBB9JP5991g,0DOg5SWX,1968-12-07,48.0,4.088,1976-04-25,gPokSkmc,-35.0,8.546,BBB
LLLf6469F2n,0DOk2YEU,1978-04-06,-61.0,5.912000000000001,1951-07-02,2l1iiq0k,30.0,-1.8330000000000002,LLL
GGMtLLOJHw,0DPWIWbe,1960-02-14,8.0,6.535,2003-03-11,f6J1z64H,82.0,4.242,GGM
KKbgVCHHQi,0DQi4c05,1978-06-30,-11.0,-8.637,1983-05-29,OqLFPD4A,56.0,5.79,KKb
FF4yQzlBTp,0DUWNxmz,2000-05-07,41.0,-2.888,1995-05-03,IvYivj8x,11.0,-9.017000000000001,FF4
LLLizAO0VV0,0DVJWpXi,2007-12-05,-25.0,1.569,1990-08-21,jmN5csTG,-30.0,2.681,LLL
CCvM29KHDW,0DWYy4u5,1958-08-25,-61.0,6.827999999999999,2015-05-28,rhgJKBKy,16.0,9.808,CCv
GGz6tUMEnb,0DWofAUZ,1998-03-15,-27.0,-7.22,2009-08-13,SesfJ6lQ,-34.0,5.426,GGz
FFOBKSLhuK,0DZhpaXx,1961-03-15,90.0,8.947000000000001,1982-02-23,OE7CwaVx,96.0,-2.3609999999999998,FFO
EEEMHQgfkyp,0E1sFW6K,1994-06-16,-52.0,5.01,1965-03-04,WmgAA87a,-39.0,0.385,EEE
DDDD1O5UyWmp,0E55kUty,1969-01-14,21.0,3.3110000000000004,2014-09-20,Y9CMc9aU,-82.0,-0.868,DDD
EEEkvYY747q,0E9AUhSE,2000-06-06,11.0,2.5810000000000004,1961-01-26,zzvZzSuA,-74.0,-7.888999999999999,EEE
KKrNgHCXDU,0EAMlaZS,2003-03-20,-42.0,-6.89,1972-05-16,wZHNopJH,-70.0,7.079,KKr
CC9Eat2Y3n,0eb5qjDU,2015-10-01,-78.0,4.921,2005-10-07,0nyMQQrH,9.0,0.027000000000000003,CC9
GGkzEU9HAu,0ebMja2S,1975-10-30,2.0,3.411,1992-08-24,qX1FPcYg,74.0,-6.377000000000001,GGk
GGWP2lNbRJ,0ecLYZU7,1966-02-12,70.0,-6.443,1981-03-15,t8Ssk71o,99.0,-7.48,GGW
FFUyJMaEpg,0EGUwMKE,1985-03-04,28.0,0.523,1970-05-29,49UVWAO9,-78.0,3.767,FFU
CCq0vxK7ha,0EY8pqqw,2005-11-03,60.0,-4.448,1992-03-09,OSoPPgBi,-91.0,0.5589999999999999,CCq
EEE2OWUjZPN,0ejhPAzu,1958-04-21,-1.0,9.33,1963-03-22,SHnuJjXo,59.0,6.461,EEE
HHHBG9EzTsv,0EkeF3tv,2010-02-16,19.0,-1.297,1994-09-09,bvDWBLMW,87.0,-5.124,HHH
GGsm3swWx3,0el0IQwU,1975-06-01,-27.0,4.5680000000000005,1996-12-25,K5yn1IFZ,-67.0,-9.187000000000001,GGs
CCCk2LCvR8,0ELGkXYr,1968-11-26,-20.0,-1.682,1965-07-17,wyDcqOli,80.0,7.57,CCC
CCNru01EeT,0EoZWRhj,1964-10-17,98.0,-1.8840000000000001,1999-06-18,27vgaUHf,-23.0,8.347000000000001,CCN
AAAX3BQkcP9,0Ep67pkS,1969-10-21,-43.0,-3.176,1985-05-25,2sy2zRO3,-56.0,-5.938,AAA
GGUa8eNXYk,0EQqqzL4,1999-04-08,-28.0,-8.62,1966-08-27,nuUOeTqL,-18.0,-4.16,GGU
FFMYIgipnV,0ERuku3W,2007-07-30,23.0,3.238,1985-05-04,l70YJjcg,-45.0,6.305,FFM
EEE1Hzoe1XA,0eSnWqt0,1992-03-17,83.0,-9.499,1986-06-27,tLVQuKig,-8.0,8.129,EEE
HHH6o03WSKS,0ew3csuk,1976-05-06,-89.0,-6.917999999999999,1968-07-17,79WZwnyc,69.0,3.738,HHH
GGIY1lHiH4,0ewg7UIW,2017-03-08,-88.0,-2.908,1967-08-29,ebtKJGl9,-85.0,6.874,GGI
KK8uJRtl58,0eWR9OeV,1974-07-11,-99.0,1.83,1951-02-03,4ECXePql,1.0,-1.9409999999999998,KK8
LLL9w2mZBu0,0F0EAF7A,1966-07-10,-65.0,5.827000000000001,2008-08-28,K6oY3jL1,46.0,-7.459,LLL
BBBsNCmy4Hg,0f40FmSc,1960-02-24,-32.0,7.547999999999999,1987-07-13,nxL7Eswr,63.0,0.818,BBB
GGmvoPbf32,0f8vISfL,2014-07-14,-59.0,8.464,1996-07-20,WP9SHRom,-95.0,8.516,GGm
GGMW6XtJHT,0FAARXR9,2013-05-23,71.0,5.732,2003-12-23,P1Sl2JHx,-22.0,8.017999999999999,GGM
CCrAP9fy6C,0FALgYq6,2002-09-04,-99.0,0.7829999999999999,2002-07-11,82al1EU6,26.0,1.68,CCr
CCP3XjR4uJ,0fb5xzzw,1993-06-17,-2.0,3.926,1952-08-07,Gi7x9OkM,-72.0,-7.325,CCP
DDDDvbHTVIjk,0FBFzp1p,1988-12-06,-1.0,0.16,1959-03-18,5qtLx3GY,-49.0,3.657,DDD
EEEFLwNbPap,0FBjs8qx,1996-06-05,-42.0,5.571000000000001,1986-07-12,My77uOHY,-54.0,-4.46,EEE
BBBw52i5SUQ,0fCRpHHu,1956-07-23,-52.0,8.104,1992-04-27,OKUDSpma,-11.0,-1.288,BBB
BBBB55HzhRo,0FcSlWpv,1988-08-21,-48.0,8.469,2012-05-04,LJDnRuWO,-56.0,-4.933,BBB
DDDDlTBTZy9a,0FcTx4Zg,1990-12-07,27.0,-3.821,2008-06-02,iR0HvZsw,-97.0,0.21899999999999997,DDD
HHHnJng21IW,0FCuZ6hh,1990-11-30,56.0,-1.9069999999999998,1958-08-05,xDKTIr9L,-16.0,-9.198,HHH
CCYqcRYSfC,0FD1L3kL,1952-09-10,46.0,6.725,1951-03-28,Exrb8GEY,84.0,2.7969999999999997,CCY
GGNWhB0cMD,0FfJV09S,1968-11-17,-97.0,-2.498,1976-10-05,x63WaVal,-6.0,5.631,GGN
EEEbaWLfQ8U,0FGgt0kk,1954-01-08,-49.0,-2.121,1981-07-19,oAfXbWOc,26.0,-9.827,EEE
DDDD3SnHyXjK,0FhbEFZ9,1985-01-11,-39.0,2.38,1995-11-01,UywD2bDb,-43.0,-2.97,DDD
FFGF11zRBn,0fiyNXRH,1961-08-21,91.0,-4.269,1993-06-20,cttML3f4,-100.0,6.872999999999999,FFG
LLLjsNHEEeP,0fJM5qtW,1991-06-29,59.0,7.357,1971-12-29,YTVWSZNY,-42.0,-8.373,LLL
LLLbfwmAtWg,0fkn3CRT,1963-07-09,88.0,2.417,1996-01-30,PATZrfYj,-41.0,-1.254,LLL
DDDDXgHCuD44,0fKShvOG,1987-01-17,6.0,-2.082,1961-06-16,kSv0P2vA,7.0,3.315,DDD
FFvgBIoXNv,0fMCajap,1970-07-21,-67.0,-0.271,1972-09-06,1VZM0tsE,40.0,3.53,FFv
BBBjLpPhFqo,0Focs0aI,1985-05-07,62.0,-9.327,1968-11-16,7Wec9TOR,80.0,-9.419,BBB
KK3V3mcZmb,0fOowVGA,2012-10-31,-76.0,-8.878,1960-06-17,qxe7Ptis,2.0,0.305,KK3
LLLFxft3Iw2,0FqRuhRs,1987-06-05,41.0,-1.2329999999999999,1955-05-30,kfm9LZqU,-14.0,-4.519,LLL
EEEiaRiNAMG,0fR1zt67,1968-07-22,93.0,-7.718999999999999,1978-05-13,lfEVgcDf,82.0,-4.772,EEE
EEEDHEZDyxg,0FrgmQWq,1985-07-12,73.0,4.522,1998-07-20,Ys6UKlT8,-31.0,9.057,EEE
DDDDaTLKwAqX,0fUorCca,2002-03-20,36.0,5.871,1976-11-26,DaPFIoMR,18.0,-9.168,DDD
HHHtRZAsgNh,0FXA9glh,1998-04-22,-18.0,-6.678,1958-01-20,hGVgaF9K,46.0,3.963,HHH
BBBYL1wK8Nu,0fXN0ZY8,1951-02-05,62.0,7.48,2016-06-19,U9nXg2cP,48.0,0.29100000000000004,BBB
FFcaZlWsMj,0fz8xHAp,1974-08-28,68.0,3.227,1990-12-17,oib29rv7,88.0,-9.623,FFc
CCOEF7AShm,0FZVUqYn,1962-05-27,-45.0,-9.216000000000001,1975-09-30,BEMCgww3,22.0,-5.218,CCO
HHHG16bOlRK,0g0pSDnj,2005-09-30,97.0,-5.995,2007-01-19,l6BScJu4,-62.0,2.452,HHH
KKvin7bTnn,0g8YYRRv,1998-09-27,-8.0,2.568,2012-11-19,tmsTseZn,-74.0,2.9019999999999997,KKv
AAAg610YYVe,0g8p2H8z,1984-08-19,52.0,9.131,1952-04-30,IXfGYUQ2,-63.0,-1.695,AAA
EEEwUGKu9Tb,0g9ax4N3,1990-10-02,55.0,-4.051,1972-07-30,vmXkFAAm,93.0,-9.673,EEE
GGE582V014,0gBH5g6x,2006-01-13,-27.0,3.595,2011-02-24,qpRbDo6L,-7.0,-7.9639999999999995,GGE
DDDD8tl7JiVH,0gbnK3p6,1978-08-10,88.0,-0.579,1966-11-19,0uywUy7t,-27.0,7.0520000000000005,DDD
CCQbnIyCYO,0GetCFFX,2013-05-16,95.0,-9.822000000000001,1978-04-17,RkLfN0Ru,-95.0,-5.393,CCQ
EEEE90iq0vv,0GHwxpVv,1983-01-06,72.0,-0.261,2014-03-12,JDgucjQb,-9.0,9.559,EEE
EEEyDNUYb4u,0gi9GJRZ,1972-06-05,-68.0,-7.156000000000001,1959-04-25,b6R6tpZy,-82.0,-6.976,EEE
LLLUm4O6RaN,0GyXgzk9,1999-07-06,-24.0,6.778,1999-04-23,0oFSmNwo,-44.0,0.743,LLL
EEEp3U0TiDp,0gjoHM7n,2008-02-26,77.0,-5.1610000000000005,1972-10-23,1wS2oI0n,28.0,-4.287,EEE
LLLKZnT2N9o,0GjzWqBH,1997-12-15,60.0,8.022,2000-04-25,rvjkoExT,28.0,0.845,LLL
GG0fNf2WsC,0GmHmgta,1961-05-09,-29.0,3.628,2007-12-23,QcLXayFg,-36.0,1.784,GG0
AAA62E98n6U,0gNyFXrT,2016-03-28,-21.0,8.71,2012-08-26,O0njnyHt,-6.0,-3.853,AAA
EEEbkoMA4w0,0goHbcbS,1976-09-18,2.0,9.175,1979-01-03,JoIMtolF,-20.0,-7.801,EEE
FFX6FtiZU8,0gOHUDLP,1971-09-27,64.0,-6.002999999999999,1964-03-23,FSx4Kb6z,-70.0,-7.332999999999999,FFX
DDDDYFrHs1MY,0Gr0WxfK,1997-07-13,97.0,-5.202000000000001,2014-04-30,ostoaDFU,9.0,-7.115,DDD
LLLcWwqoaLC,0gSY5nUM,1993-06-16,-72.0,-1.234,1979-05-16,84L7Xh0t,15.0,0.7490000000000001,LLL
LLLvE2qgWXA,0gub6Vji,1955-07-01,76.0,3.02,1971-01-23,yDfSZYAs,-6.0,-8.068,LLL
KKigLfWNzP,0gV1RoVh,1965-03-15,-45.0,-2.622,2003-03-10,zZ4Nsb4o,-19.0,-0.83,KKi
AAAE0kj0Ppr,0GVEjg9f,1992-08-23,-5.0,-2.245,2001-09-29,2DATIZcG,-28.0,8.331,AAA
BBB0aLm90Ow,0H3GBfuW,1979-05-20,-31.0,7.459,1963-11-22,tzHL9b1Z,39.0,7.625,BBB
GGWj8FZq7p,0h40TCJb,2007-08-18,-78.0,-0.259,2000-09-14,jcEaA9FE,-85.0,-8.443999999999999,GGW
BBBNyywKWlA,0h5Hfole,1955-01-05,90.0,-3.5589999999999997,1991-09-28,oXiFqzTt,49.0,-4.531000000000001,BBB
DDDDvZOZFwaB,0H6YpgBq,1980-01-28,71.0,-2.352,1991-01-15,DqXNUHMg,86.0,0.405,DDD
CCLQUmjauR,0h6NLuge,1981-08-08,-59.0,0.138,1978-12-25,ZnosGKqP,-66.0,6.977,CCL
FFI958hFVO,0h7rmERw,2007-06-26,-35.0,-7.934,1999-12-29,NSuityig,-14.0,-0.098,FFI
GG7JUqD9Ka,0HaAaaIv,1979-11-07,62.0,2.168,2010-04-23,3MTNm7Ae,-4.0,7.462999999999999,GG7
CCeyvipJFs,0HbxSN9E,1989-08-31,-59.0,5.596,2013-04-29,94BlEpn3,68.0,9.794,CCe
LLLe51aqK43,0Het1NuC,1969-07-10,-92.0,4.835,1964-05-27,AD4nrmVE,18.0,-8.882,LLL
EEEcKgYky34,0HhqHm54,1982-12-22,59.0,-2.195,1992-07-01,zf9rESYT,-1.0,1.4669999999999999,EEE
FFoTghXon7,0HilbjLO,1984-01-28,-5.0,-2.62,1958-12-21,avWhuUqX,-29.0,7.3260000000000005,FFo
LLL3iepwJkP,0hmLbb3W,1961-10-28,-14.0,-3.0210000000000004,1985-11-24,nr9v1tUf,-23.0,9.105,LLL
DDDDTxhyZKbJ,0HNZn3gM,1993-02-10,-81.0,2.2840000000000003,1956-07-04,GXGa5DJM,-10.0,7.242999999999999,DDD
DDDDHATu4Wwf,0HpIAOYc,1988-10-04,-36.0,-1.4369999999999998,2001-02-08,oPqLNqch,88.0,-4.8069999999999995,DDD
GGhvXiNOrO,0HRuY6rK,2010-02-14,-42.0,-6.763,1962-11-10,PHE3V2lb,-2.0,-0.987,GGh
BBB2UzqX06r,0hTKOA4X,1990-04-21,-53.0,-0.41200000000000003,1989-03-29,gwrGxSCS,93.0,-5.07,BBB
CCLwG4R4kD,0HtUmxau,2002-07-08,39.0,7.718999999999999,1994-11-09,ofrCNWYi,-3.0,-7.815,CCL
CC10buxL1T,0hUx8gOZ,2000-10-23,-47.0,1.7109999999999999,1959-10-28,a7OAhoRR,-9.0,-3.123,CC1
FFPhVcQ6kD,0hv1Fj6a,1989-01-01,42.0,9.779,1968-02-12,ZwcICBWE,86.0,-6.358,FFP
EEEu4LyNHFf,0hWBcrcy,2003-11-13,72.0,9.965,1957-04-21,Mc9W7Azi,-12.0,-4.918,EEE
DDDDLkPPTiKg,0hxfVOMu,1954-12-27,63.0,-8.206,1978-04-26,Ac26KFYN,-27.0,0.902,DDD
BBB6GcQmIVJ,0i1fJb7w,2000-07-29,37.0,-7.808,1990-09-12,BrboU0Ng,-31.0,-9.155,BBB
LLLc1uOcoR4,0Y1uzwAE,1988-10-23,34.0,2.905,1986-09-02,livZaqP3,-49.0,-7.5120000000000005,LLL
EEEHkswlaUo,0I47sjyD,1970-06-15,-66.0,1.854,2002-02-03,SmpEvsjw,-19.0,3.963,EEE
CCj3LlsSOC,0y5RbWgs,1986-04-08,-4.0,-5.547999999999999,1968-11-16,k00YLhIY,38.0,-1.3019999999999998,CCj
CCpG0QQ1rj,0i8kDi0G,1974-10-21,-69.0,1.288,1955-07-19,hbtQzgah,0.0,-9.318,CCp
DDDDnKmjgSqD,0Ib8DZ1m,1963-10-04,54.0,-4.885,1959-12-02,HAG3XZl9,-97.0,-7.7410000000000005,DDD
AAAaEp3hymP,0ybXRH2W,2005-10-17,-78.0,5.672999999999999,1980-12-04,oKZYYZnK,49.0,-0.094,AAA
DDDD45DkJJV1,0yc4Arjx,1987-03-26,24.0,-6.749,1958-02-19,rpRuqAGT,15.0,-1.232,DDD
EEEnqi0UM3N,0YCjAAwj,1990-06-08,-78.0,7.468999999999999,1970-07-15,SQDjiM9c,-19.0,2.9210000000000003,EEE
GGE6PO3QR1,0IDDTl4G,1968-05-05,20.0,-0.14300000000000002,1995-01-16,J7a7UWgf,27.0,6.053,GGE
DDDDaSsFRhZ3,0IDLK3ca,1981-12-22,-27.0,6.819,1973-12-24,GOnz2itL,-77.0,3.602,DDD
BBBcZNqZbmo,0IftXjlO,1994-12-28,73.0,6.274,1994-08-26,3rn1RHkg,-57.0,1.229,BBB
HHHqTmO4nNz,0ifwAoSs,1996-07-13,-18.0,7.272,1960-09-10,C26BTkAi,23.0,-7.145,HHH
LLL7kuqMssE,0ihagyu0,1954-03-17,-66.0,1.886,1971-07-31,OxgkkV98,-71.0,-8.15,LLL
GGYeAoEJra,0IhiYeNz,1983-01-29,-5.0,7.017,1962-12-08,CLGipPpe,80.0,-3.3760000000000003,GGY
BBBOQHUSz5X,0iy2ZP0k,1962-11-01,73.0,-2.408,1983-01-18,mB3NEJkH,87.0,4.665,BBB
LLLmEVLJu6B,0iISlWCC,2000-04-20,-56.0,7.598,1966-10-25,7e4EsrXz,-6.0,-1.3330000000000002,LLL
FFeoAjtL5h,0Ij4qpHj,2014-10-22,-83.0,-1.7380000000000002,1959-01-15,exfYWmeL,9.0,8.128,FFe
LLL01vZQaaA,0yLnBSqZ,1978-01-11,-74.0,-3.201,2007-06-15,j8VreDLW,-26.0,-4.171,LLL
FFohS5bJhz,0ImbUSY4,1997-05-02,57.0,-4.849,1973-03-14,Y11v7lbS,-66.0,5.8389999999999995,FFo
DDDDa3byomIE,0ImCDvna,2011-02-07,36.0,4.252,1989-11-14,9nA6evKi,59.0,7.653,DDD
EEEz2pgVZ6Y,0imN0pPa,2003-12-17,23.0,0.575,1981-10-16,m6JmGRIe,-17.0,-9.802,EEE
FFYN2VUail,0YmsPOjQ,1975-04-04,76.0,-6.655,1968-11-24,6liYgPB1,57.0,-0.621,FFY
CCAhDb0L9i,0imVptoP,1961-09-15,-30.0,-5.941,1993-06-12,5lFnZlv3,-50.0,-4.183,CCA
HHHvyDMngCR,0YP9rrsX,1953-09-01,4.0,6.6339999999999995,1981-12-28,N3MuzB4x,38.0,7.38,HHH
FFYzA6tLPQ,0IpDBCrN,2006-02-10,47.0,0.447,1951-03-10,wKCa09y8,100.0,-3.122,FFY
BBBSn1JqQ2A,0YPgep0T,1956-11-06,-65.0,-2.947,1971-12-11,eLZpv9eF,-89.0,-9.706,BBB
FFLejRsPoH,0Iq7eyGb,1957-01-08,30.0,-2.278,1954-09-15,2u4WyOA1,-73.0,-1.7730000000000001,FFL
DDDDGCvm7Jug,0yr0i8so,1967-09-17,85.0,-1.379,2014-09-19,wka4p95j,-98.0,2.782,DDD
FFMNfSmxpl,0YR7V34q,2011-10-12,-41.0,-6.546,1953-07-12,WzUegAuV,19.0,9.31,FFM
HHHe3aux98a,0yrQlzg7,2014-09-27,-25.0,-3.884,1967-03-28,S7WQQHOo,-80.0,8.729,HHH
HHHh1ZRjvUw,0YrwpzgM,2001-08-31,-41.0,0.16699999999999998,1983-10-13,YkFGsqjD,-29.0,-4.2010000000000005,HHH
HHHqRKgCGMU,0ySyXbwM,1997-10-05,-48.0,2.927,1968-04-11,eonjh24v,-51.0,7.331,HHH
FFwLGLn67z,0iUtyPF9,1984-02-24,-77.0,5.428,1995-09-19,ZwwPqqWY,80.0,-7.148,FFw
AAAL6hAv7ik,0IV0Nuuv,1980-11-11,47.0,2.897,1972-10-15,9DoUwUqP,73.0,6.5089999999999995,AAA
GGZFNGbpXa,0iV8UNYe,1964-11-27,6.0,3.8960000000000004,2005-04-28,LO2kVN2X,11.0,-6.922000000000001,GGZ
KKZ7MWLJa8,0Yv9AEQF,1997-10-22,-53.0,1.567,2005-01-16,2UDoNnLx,-44.0,1.3530000000000002,KKZ
AAAjQNm2K0V,0Yvjvcqg,2003-02-25,86.0,3.408,1991-01-25,0ImD6RvB,-87.0,-2.884,AAA
GGpgG1Rkeg,0YVRkeqL,1973-09-17,-62.0,4.479,2014-05-04,qA9FNZDO,60.0,-9.782,GGp
DDDDtqqE4zE6,0YWaCVVz,1964-02-23,-56.0,-1.685,1967-02-16,rBvqfxrZ,-93.0,-1.857,DDD
DDDDTOQiDIqu,0yXphVEv,2007-01-06,-99.0,-8.118,1981-06-02,v4YkrRzT,-32.0,0.636,DDD
FFhFnoHSk5,0j0EOGm5,1976-10-31,-100.0,7.28,1972-04-13,577Yuz2G,-67.0,9.74,FFh
KKixAFFqXk,0j1yjht9,1956-10-10,83.0,1.881,1986-06-05,qzECJbyU,-23.0,-3.165,KKi
KKPowJzXwu,0J1NE0Q3,1954-01-04,34.0,-1.3980000000000001,1988-10-03,WE9cNeTe,-73.0,-7.239,KKP
AAA09TmvgOu,0j1QK7Lh,1951-01-20,-71.0,1.264,1954-01-11,AKY3XKzf,-92.0,-2.987,AAA
HHHbDg6xTuB,0j5RfQvL,2012-08-22,6.0,-7.059,1977-08-05,EvIcK0zl,11.0,-0.674,HHH
DDDDsWUHmL7H,0J85lGig,2006-01-20,61.0,-5.228,1972-03-10,h5g9YbQ6,30.0,-4.457,DDD
KK1DxPeSkw,0j8AHZGY,2012-09-19,-39.0,-1.7830000000000001,1960-09-26,FkkxOs9P,-40.0,8.811,KK1
KKlJKuDuc6,0jabkIrl,2001-11-30,61.0,5.54,2011-01-21,PDq5u10x,-47.0,-9.616,KKl
LLLcPaUN6GU,0jGOffbI,1997-03-18,99.0,-6.829,1962-06-09,D90PpG4C,-35.0,-9.567,LLL
DDDDALGPujjo,0JgtrD3h,1961-08-14,-40.0,2.8939999999999997,1992-05-20,e9mDZqZc,2.0,8.054,DDD
EEEgKw4p2e6,0Jiq19AM,1988-06-04,-18.0,1.077,2013-11-12,xBfW0lH4,15.0,4.181,EEE
KKGipXLrHN,0JK8e4QM,2011-03-25,-14.0,0.541,1974-02-23,cfYFGuRa,-38.0,8.321,KKG
LLLUppSTtnN,0JKWtscq,1985-01-30,-58.0,-4.53,2007-05-02,Z56JTqDJ,19.0,-3.391,LLL
AAAO9WbyNUl,0JlcYcWp,1982-06-23,53.0,-4.2219999999999995,1988-04-22,yLGFPPol,-52.0,7.327000000000001,AAA
BBBnYZJ8MBR,0JmbZP1R,2007-06-24,-80.0,9.058,1997-03-21,9AkDUeG0,-8.0,7.824,BBB
HHHQrIeXLxe,0JMezokz,1978-10-18,-56.0,6.53,1951-11-27,ToNCMu6F,-65.0,8.672,HHH
KK7rirYyWZ,0JNXkE34,1999-12-14,-4.0,1.9409999999999998,2016-08-13,SyUXLfOm,69.0,6.8229999999999995,KK7
CCMMim4hcv,0jOAs7QK,1977-06-08,50.0,-3.179,2005-06-04,NVO1Anqn,80.0,-0.8859999999999999,CCM
AAAlPe3BOfX,0JROSFj1,1995-10-27,-21.0,-7.093,1965-06-15,E2y3Dmfl,-10.0,-3.8360000000000003,AAA
CCrNs712Th,0jTZyJ2Y,1956-11-04,-55.0,-6.206,1992-01-14,9xaNtsu0,-26.0,6.763,CCr
AAAqSBVkrSi,0jU7xXYX,1996-12-05,-50.0,-8.892000000000001,1973-12-31,ow5Oa8uC,-85.0,-1.088,AAA
KKpbbMpeP8,0jUBifys,1962-02-19,19.0,-0.48,1987-10-10,6kRM5G22,71.0,-4.463,KKp
AAA0gP8Hj8a,0jvHFIRK,2000-11-07,-65.0,-4.553,1965-01-21,7TSfbm0q,-74.0,1.9680000000000002,AAA
KKsuOkQxyY,0jWCPIZp,2007-12-07,-22.0,-9.006,2013-08-24,xcUtQBOO,-86.0,5.8,KKs
AAAmBRSbYFB,0K199o4t,1980-05-12,-19.0,2.611,1951-02-19,Er21lZXi,-23.0,-9.689,AAA
EEEDnvcLrl1,0K4a0OSu,2014-06-03,91.0,5.755,2000-08-09,99K5iAOT,79.0,-3.19,EEE
KKVZPOSPDo,0K4U7C9T,2000-06-04,0.0,-3.3139999999999996,1984-03-07,zEGgVtl3,-21.0,-1.306,KKV
DDDDAGm6caRN,0k5k66Y7,2008-07-14,-45.0,5.142,1987-02-20,lKQwHfJy,-58.0,-7.733,DDD
EEEsvsGFF4u,0k7O3XQ3,1978-04-16,60.0,-5.792000000000001,1987-05-07,TkUVx228,-16.0,2.454,EEE
DDDDWn4DNzYH,0KaUgUzH,1968-06-07,-39.0,7.247000000000001,1955-02-11,63ok6FfP,-18.0,-8.124,DDD
LLLFVpp20TV,0KbN4RhC,1952-12-05,33.0,3.176,1984-11-02,nWfxjwnZ,81.0,-1.135,LLL
KKfo0xJwCs,0Kf8IIif,1953-07-05,-7.0,-5.869,2014-01-17,kg12bNvQ,52.0,5.38,KKf
AAAFOnScLWh,0Kfrl1lG,2013-03-01,12.0,0.182,1972-01-26,tTNt6y7T,-81.0,-5.059,AAA
KKy1j4UQUf,0KfsOSG4,1995-01-10,-3.0,4.624,1991-04-08,krmkTCNS,91.0,-0.242,KKy
EEE59ONNs19,0KGPfB2e,1987-01-06,-28.0,-2.6510000000000002,1964-06-06,ivbSth68,-70.0,5.436,EEE
LLLoxP4tqhc,0Ky9S42D,1984-11-01,-61.0,-3.345,1974-12-27,q2DmwUXx,-62.0,0.239,LLL
HHHCtqhbe2F,0KIQqrpS,2012-01-08,93.0,-4.302,2005-11-24,NsxyKMOA,-67.0,5.492999999999999,HHH
DDDDUyubNugy,0KYrpjcf,1973-10-04,-20.0,4.5,1960-09-13,htvnoFp3,64.0,-4.677,DDD
AAABH3DLymX,0kJgUxvA,1983-10-04,21.0,6.976,2001-07-12,SyA6huJY,-20.0,-1.015,AAA
KKHrnUKy0t,0kJNu6AY,1952-06-24,35.0,3.593,1959-06-28,LJeOeX7t,57.0,-5.879,KKH
AAAXeWblOFl,0kkbCKA0,2012-08-10,-57.0,0.337,1972-08-08,hYUqohSf,91.0,4.399,AAA
BBBOOVRDuXK,0KKQ5eP4,1990-11-05,-33.0,9.441,1994-04-24,eh5EeOV7,-6.0,5.059,BBB
GGXx5lwWob,0KlM4TIh,2005-03-01,35.0,7.818,2006-03-13,XxsmTW10,-94.0,8.44,GGX
EEE2JKVycUU,0kpNCWHG,2017-02-24,11.0,-6.5920000000000005,1996-09-17,S2Z07eDr,-93.0,-9.484,EEE
BBBP6NymMOl,0Kqm8SzJ,2004-10-22,53.0,2.9139999999999997,1953-04-17,I3jZzk9H,82.0,-7.962000000000001,BBB
LLLF02XaWKc,0kQUGZQB,1956-12-04,-39.0,2.975,1959-11-07,4k5gpaXr,3.0,-1.952,LLL
GG9wPHo2aH,0KSCD7N4,1977-07-11,43.0,4.796,2011-08-05,8NTsfZYK,-34.0,5.4239999999999995,GG9
EEETwbiJgYV,0KUS4orr,1957-12-06,75.0,-0.34700000000000003,1969-04-08,CGRVVml1,-79.0,3.299,EEE
KKKA4ZE4b8,0Kv5IUJa,1960-08-17,96.0,4.567,1977-08-13,SrNWIyWU,68.0,-2.98,KKK
FFn85P2bH5,0kvq6ekX,1974-01-12,47.0,3.627,1954-04-20,6z40Kgmy,96.0,3.63,FFn
KKw5gNw3MC,0KXS22RE,2002-02-12,-27.0,-3.682,1961-11-24,Bo0lH959,58.0,1.319,KKw
GGe4ttcN1t,0Kxxr8n6,2004-05-18,-10.0,0.312,1958-05-03,PX1iXYF6,87.0,-9.685,GGe
KKmKj16ZGo,0l1hmHaX,1957-11-10,56.0,4.699,1996-04-11,izy6wayB,74.0,-5.544,KKm
BBB1AJDzlrq,0L9oWAZB,2008-09-05,43.0,-5.364,1995-12-23,bC3VaGCg,-79.0,-1.6569999999999998,BBB
DDDDu7TBAHan,0LADjQAE,1957-09-22,-67.0,-8.588,1964-03-28,3XFLn6bc,69.0,0.615,DDD
GGViZgypWb,0Lb9lHjP,2013-06-16,16.0,-4.176,2011-08-31,py8VghQI,-51.0,-8.935,GGV
BBBizZavDxX,0lBjiYmM,1958-02-06,99.0,1.0959999999999999,1982-06-11,hLGVKQOX,-14.0,7.862,BBB
HHHVf5PhOlq,0lBXSZ9S,1984-09-22,-69.0,-6.895,1958-03-08,HcKPUKkB,39.0,7.631,HHH
KKplbqxQii,0LGlnNwk,1976-02-12,-49.0,0.569,2011-11-18,rh28KPqI,20.0,-0.9790000000000001,KKp
GGvSmboJC6,0LGwAKUf,2002-01-21,-26.0,5.033,1984-01-25,PcKwnIUp,93.0,-8.37,GGv
LLLveWAtscs,0LHejBHw,1964-08-01,80.0,-6.507000000000001,2011-12-04,7bgSDI2r,-91.0,-0.696,LLL
BBBSxOot7fE,0LHQLyFx,1951-01-06,-80.0,0.262,2003-01-03,1lmVfHHx,-33.0,-5.832999999999999,BBB
CCfr41rfpy,0lIbT8EE,2000-07-29,85.0,9.413,1960-02-02,hnQN8oY1,94.0,3.847,CCf
EEExSGNaBjS,0LIJgsjC,2003-01-11,-31.0,-0.102,2014-10-05,i5ejFRAi,-38.0,-0.17300000000000001,EEE
CCHohr7UJz,0LYkkmTu,1964-09-22,-18.0,0.032,1976-02-03,jpAZz4Tm,-76.0,-8.27,CCH
GGPHvw6E8R,0lKNJKlH,1981-12-26,97.0,-3.6510000000000002,1964-04-15,8jfiuoQO,84.0,-2.69,GGP
CCtXHOJ4Wn,0LllcVYP,1982-10-21,-100.0,-3.573,1981-06-21,g7xBl7lA,64.0,-4.81,CCt
HHH3aKeVs8u,0Llr8awS,2005-04-22,57.0,-8.414,2007-08-24,6GJnGbKG,79.0,-4.183,HHH
DDDDEHQy1wqv,0llT6D9o,2014-07-27,-59.0,-4.54,1978-05-31,fgL8DZzE,94.0,5.507999999999999,DDD
GGrNlPRra5,0lmmFBv9,1958-06-04,-79.0,7.489,1972-09-07,MeEpYQRo,-31.0,-8.555,GGr
CCJKLtAfY4,0lNH19bs,2006-06-21,-65.0,1.577,2000-01-14,P9zYtatH,98.0,6.696000000000001,CCJ
AAA0gSiolZ7,0LNmKN2m,1972-01-02,-51.0,-8.921,2012-03-28,e2CYvyee,94.0,-3.819,AAA
DDDDwIJAJ6Ep,0lnw9jYT,1968-02-26,-47.0,-9.713,1992-06-03,PkzhqHuP,27.0,-9.046,DDD
KK2hRg3tmQ,0lPr1IFi,1999-04-28,-54.0,3.404,2000-10-01,DbRFJRNY,21.0,8.912,KK2
LLLOCAGh7E5,0LQFVbjl,2002-02-05,-75.0,-5.1770000000000005,1995-03-01,Z2N3bAE6,-22.0,-1.871,LLL
EEESNc0mhVg,0lRbUwsR,1951-02-28,-32.0,-9.677,1971-04-20,ca3mLtw1,-83.0,5.109,EEE
AAAMAfotAZo,0LryJbuF,1952-06-09,73.0,-5.603,1976-12-02,vQkYU67l,48.0,-0.03,AAA
BBBJCQq1jxj,0LU3LKmZ,2013-07-20,-88.0,3.628,1983-03-26,ubgW5RI6,-85.0,-3.617,BBB
BBBZcaeCP52,0LujQoPv,1986-04-02,-54.0,-6.455,1975-06-20,NqwiQThL,43.0,-5.2989999999999995,BBB
FF0KWCnfcG,0LvPYpev,1984-04-13,6.0,2.7510000000000003,2008-07-16,SCB5wg7N,51.0,-2.237,FF0
KKPPkTwufm,0lWEWynL,1992-04-15,93.0,-5.9079999999999995,1963-06-03,zZzoLsii,-3.0,-2.136,KKP
LLLi7IZ6lPw,0LwoDrZf,2003-12-26,-75.0,5.899,1955-12-14,ipbs1Ujk,-14.0,2.119,LLL
DDDDy352MvZc,0lxLhMD7,2009-04-16,7.0,0.134,1953-06-07,Np5i8k9h,56.0,-9.033,DDD
HHHqioRNsco,0m05y8YF,2014-02-08,-70.0,2.2030000000000003,1977-10-02,6zqAW5qj,-65.0,-4.944,HHH
HHHz79cLfte,0M6klAor,1956-10-08,45.0,-5.397,1973-04-13,kmOPTQOf,78.0,-9.741,HHH
EEEpeztioBR,0M6p3yhi,2010-09-05,74.0,-6.521,1994-09-17,60GOAzpr,59.0,1.574,EEE
HHHp8j6fFps,0m90F4tr,1981-07-28,-4.0,-2.9389999999999996,1998-04-02,WIqTg2Ml,-62.0,4.516,HHH
FFZ4VLSDw6,0m9gsA7n,1992-02-12,48.0,-6.706,2015-02-17,pDXfug16,79.0,-7.0360000000000005,FFZ
BBBe3lbeHXQ,0mB9tJsU,1962-07-21,0.0,6.577999999999999,2002-01-12,q7zJ6UZD,-15.0,5.436,BBB
CCj2ZWVB1A,0mbAgaq1,1975-08-31,-88.0,0.49700000000000005,1980-01-11,Q1MUw8A2,44.0,-2.1790000000000003,CCj
DDDD4CFIyXfq,0mbPF7eY,1989-03-31,-66.0,-3.102,1970-11-29,0Z719pKr,-57.0,3.875,DDD
HHHtBPcTjOX,0MBWibxK,1982-04-18,80.0,3.843,2007-07-25,JEA2DbLA,-95.0,-0.693,HHH
FF3BnLm29c,0McbQ8s1,2002-04-19,-67.0,-6.985,1998-04-15,ZoQquzFI,-37.0,-9.658999999999999,FF3
CCW6PzcO9p,0mcXyzoj,1996-04-29,76.0,-0.461,2002-01-09,M0CmbHsf,62.0,8.677,CCW
DDDDG7ncH6fj,0MDur7Qg,1992-10-28,30.0,-1.2209999999999999,1965-04-22,ZSFbDvqV,-23.0,9.327,DDD
EEEN5nw6ogT,0mFgQFBe,2008-12-31,-58.0,-4.18,2013-08-31,E1SeV7cA,-31.0,1.1079999999999999,EEE
BBBNtfrDTqX,0MGgQ6k5,1969-08-16,-44.0,-9.296,1965-04-19,pCqmNI8b,12.0,1.183,BBB
LLLG0sVZ5Pr,0mhpazr8,1958-02-08,75.0,-7.71,1963-02-10,aOAmYwtE,-98.0,-1.128,LLL
HHHWkXi3eka,0MY4LyRO,2005-11-25,-38.0,-9.48,2002-03-11,vvl9b6Mr,10.0,-4.801,HHH
AAARNSZnZfQ,0MLm4ziL,1982-03-13,-93.0,-8.087,1954-06-23,jywX0sZt,-50.0,-7.739,AAA
CChsNBuWCk,0mM8psyT,1992-11-12,-94.0,-2.385,2005-02-18,h21lifta,50.0,7.405,CCh
BBBUs3gLsw2,0MnH6V2y,1971-04-05,-8.0,-5.949,1986-02-12,UjIL0tTw,22.0,-7.236000000000001,BBB
HHHhuti3f54,0mor9HFm,2004-05-13,91.0,3.176,1973-07-28,yO6Exka8,-17.0,7.505,HHH
EEEEqXPorIC,0mQC81bN,1986-05-17,23.0,-7.777,1957-07-22,l45twGiU,-15.0,7.301,EEE
LLL7vUTrroF,0msjnRvg,1962-02-27,41.0,-6.989,1964-03-06,9RBPn3CE,47.0,2.9389999999999996,LLL
BBBON8JBay5,0mtC8XDE,1973-01-07,54.0,9.871,2005-08-28,Mo2kt4go,-59.0,-8.866,BBB
HHHwE9FsvTU,0MVTykaP,1965-01-22,92.0,-2.9210000000000003,1980-02-22,NMxS6kMB,96.0,-4.787,HHH
HHH0DsC3rxM,0mwLfHFb,2000-03-19,-53.0,0.971,1954-11-30,Hytt3UaI,60.0,5.149,HHH
HHHSrSytut5,0mwR6Jgn,1992-03-31,-86.0,-4.591,2013-03-08,Df0zCHx8,-61.0,5.202999999999999,HHH
KKOZ7fLVAz,0MZBNP6e,2010-12-12,76.0,-4.897,1981-02-11,2EjSOmfN,5.0,-6.9510000000000005,KKO
EEEYOT1kM8B,0mzx3NJe,1996-09-18,40.0,-2.121,2003-06-23,XwY5etR1,-23.0,-9.2,EEE
DDDD5RJYDbaL,0n7ECAVV,2015-08-18,-73.0,-7.135,1987-06-21,CS8zPQwf,-12.0,-5.405,DDD
LLLgUTNIVr4,0NBeycx3,1996-09-17,-94.0,-7.711,2000-10-17,S9cGwZ60,47.0,5.894,LLL
BBBhQ5NaWhB,0NDGXMPP,2016-09-23,31.0,9.677999999999999,1983-03-02,q33RMDNW,62.0,1.744,BBB
CC40HhUb2H,0NeFhNrv,1988-06-17,-55.0,6.2010000000000005,2001-02-03,4IoSb0OY,-68.0,-7.8420000000000005,CC4
FFoDDPeSBA,0NERn3Pk,2001-09-18,-74.0,0.10300000000000001,1962-12-26,qgMTX4s2,100.0,-6.851,FFo
BBBMY51tGZl,0nFRSxHb,1970-05-17,-3.0,-5.051,1998-04-30,69zxulJl,78.0,-4.827,BBB
FFywDEFEbe,0nfW5l0w,2005-05-09,1.0,-9.077,1971-06-11,tK5mSLUi,-98.0,3.515,FFy
CCtlw7H9yc,0NY8NGSI,1953-10-07,6.0,-0.706,2000-10-12,4VyfZ7lD,32.0,-7.422000000000001,CCt
HHHGmxpNTvT,0nYMlE3y,2015-07-02,3.0,-2.388,1998-03-02,Lt8RQNUx,0.0,-8.862,HHH
BBBnS6jQ1q5,0NK1hSgn,1972-12-23,20.0,2.019,1985-06-05,gzXVTqgn,30.0,-9.213,BBB
LLLx6H3mJwM,0nkC7n0D,2008-06-17,-43.0,3.443,2000-01-10,5GWZy7Y9,-69.0,1.276,LLL
LLLEUbHeK3h,0Nkegnuz,1965-11-25,-48.0,-4.667,1953-04-22,qB7ZoA8D,12.0,-3.753,LLL
FF9alztYJk,0NM7DzvC,1981-11-06,-81.0,8.844,2007-12-08,ZOHLefm7,91.0,1.989,FF9
EEEXpJf1rQr,0nnK6vvC,1980-10-05,9.0,-5.855,1986-05-30,kyjYKCfO,-42.0,9.785,EEE
DDDDPkw3NVb5,0NO3xq09,1953-06-19,-46.0,-6.724,2010-05-15,RO1zRyVQ,23.0,-7.442,DDD
EEEKsQMJODc,0nPxRUnG,1955-06-28,6.0,0.736,1991-02-01,kxxTMgV7,-8.0,-2.679,EEE
DDDDPUhK8Ipa,0NTnViWv,2010-05-18,18.0,4.117,2007-06-11,bNVjI63w,-95.0,-2.41,DDD
BBBYQGXsoyy,0NttMr7v,1990-11-19,-76.0,5.617999999999999,1958-12-12,4iFT3ygK,-56.0,-1.014,BBB
KKPoLKfCFD,0NUEFW83,2011-11-14,41.0,9.771,1989-04-09,pygxDiXy,-56.0,-2.423,KKP
EEERmX146G7,0NvJ2rqv,1998-08-24,-25.0,9.46,2015-07-28,bsDNa8E7,27.0,-0.486,EEE
LLLsjB3GSmw,0nWaoWFJ,1987-04-25,-67.0,-2.023,1963-08-18,YVY9Gyuk,33.0,6.3870000000000005,LLL
LLL7am7om1p,0o0bImJJ,2003-04-06,-32.0,2.31,1977-04-14,QIjZBH62,35.0,8.933,LLL
HHH8k1Scpqu,0O515Swa,1969-10-28,-13.0,3.529,1999-03-27,2aWHElip,89.0,-2.004,HHH
DDDDXTloNCRJ,0O7i3qkn,1967-08-19,23.0,6.129,2003-07-05,yq61ETkm,74.0,-6.457000000000001,DDD
AAAxyfU1lo6,0o8Fh77N,1985-01-20,-26.0,-6.055,1959-09-29,AKS92PXh,5.0,-5.585,AAA
CCeF6OB1Sa,0OAwjSXI,1989-12-25,-25.0,-4.163,1969-02-02,39PC82sF,-35.0,7.0520000000000005,CCe
FFaqErmPXh,0OCDgZiB,1955-12-21,-29.0,6.981,1965-06-29,qmlpInoJ,-82.0,7.459,FFa
HHHeDr0J1Hc,0ocuP1ac,1954-05-13,-55.0,-2.775,1962-06-02,IR3ZpQAp,-48.0,-9.767999999999999,HHH
AAA0TKU38DT,0oHGnz2L,1979-07-18,-28.0,-9.64,1964-12-21,m91s5j2g,36.0,-8.253,AAA
LLLPPLhV2kN,0OiyKRKS,2000-02-10,35.0,-9.231,2016-11-07,6WZ9hy67,-88.0,5.472,LLL
HHH5lAexfu5,0oyXZg68,2003-05-10,-77.0,8.85,1952-02-02,kiNcTYFf,23.0,-4.437,HHH
HHH6fRVqW3z,0OjeT0AB,1971-04-15,-69.0,-3.2969999999999997,1980-03-16,qwiwfp4w,72.0,5.978,HHH
KKSxZUcLxF,0OmQAz3T,1957-08-20,-35.0,-7.181,1987-02-17,Lt4eTzoD,-42.0,2.522,KKS
KKb2iBvuaj,0ooJpPZg,1980-03-19,47.0,-5.597,2001-12-12,PV75hi69,-69.0,-9.119,KKb
LLLjOZMGRec,0OOulbBP,1962-10-05,-46.0,6.0889999999999995,1952-08-16,IlZMNuIQ,-12.0,-2.411,LLL
FFxaAkZn6m,0OPKFn2N,1982-03-18,-94.0,-6.831,1998-01-17,X0J85Ku9,-84.0,-2.434,FFx
CCtQbpqTci,0oPrOI63,1990-06-15,-76.0,-0.8959999999999999,1955-01-29,ETnGzqDp,-88.0,2.747,CCt
DDDD057DAYgi,0OTeFiK9,1987-08-22,19.0,-8.039,2007-06-12,Gn0tNE0a,-34.0,2.415,DDD
HHH17Gi8A9Z,0otgScbK,1953-12-19,27.0,7.904,2008-03-07,lu7LTRi3,-90.0,0.625,HHH
LLLOfVHZcVv,0oTZMMAz,2011-02-05,2.0,-9.55,1996-09-06,m5h82oGu,-34.0,5.276,LLL
BBB03j48uc0,0ouf9kr9,1995-12-16,-17.0,-0.9009999999999999,1959-06-09,TI7czpEL,6.0,-9.479,BBB
FFOLVX8BGh,0OUv9Yic,2000-11-30,-66.0,-8.508,1985-01-31,6M2cKNI0,-44.0,-8.833,FFO
BBB8M1Txsq7,0OuveMyQ,1965-03-31,-6.0,5.117,1955-01-12,ZQ7TJWh4,-60.0,-5.577000000000001,BBB
CCzbkGBtB7,0owJ58hk,1966-05-19,39.0,2.199,1956-02-14,2b6yVrKH,47.0,0.833,CCz
DDDDvpw3McvK,0OwuqCiu,1986-09-11,-4.0,6.653,1979-07-10,oCefn9nQ,-66.0,9.012,DDD
DDDD7MT3H3hJ,0oXAs1rs,2012-01-01,-89.0,1.402,1971-08-15,jUosfHtS,22.0,3.449,DDD
GGgECni2zb,0oxSh7Sg,2006-04-21,57.0,-8.511000000000001,2003-01-20,hv9o5KUA,-9.0,4.095,GGg
DDDDkVhJfc1U,0P4FDxjE,1998-05-28,-47.0,-3.278,2008-02-27,VR4vLSIQ,87.0,2.555,DDD
GGK1Lz474a,0P5nwFNg,2007-05-05,-7.0,-3.15,1978-07-22,xHE3QNcB,-92.0,5.065,GGK
FFfDRciS7R,0P9ETCNH,1955-10-06,-95.0,-5.266,2007-05-06,tvCuK0NI,-41.0,-3.389,FFf
BBBSfzqJmF2,0pcMZbEK,1988-11-30,11.0,6.082999999999999,1962-10-29,lIkG92oi,48.0,-6.97,BBB
CC5AnOeH66,0PeQO2r1,2016-03-10,-85.0,8.878,1975-05-19,RhoJRPCl,34.0,-5.896,CC5
HHHX8hXQMXL,0Pfq4GsL,1960-05-21,-63.0,0.193,2013-01-08,rENkbRzQ,96.0,1.5430000000000001,HHH
DDDD0w7mF8kg,0pGWsbXH,1963-10-21,21.0,4.263,1996-11-03,DceOG5La,-18.0,7.082999999999999,DDD
KK8G3tw9LL,0PjhaCuD,1963-08-17,-26.0,-4.004,1953-01-30,u7IlouYQ,-38.0,4.6419999999999995,KK8
GGYKNTUPlK,0PjVRHOg,1981-09-30,75.0,4.113,2010-10-15,LEsQD6yu,-9.0,4.478,GGY
KKtOKIhfgs,0pliaYDR,2017-04-12,-69.0,-9.735,2011-10-28,XOF8j9kK,44.0,-4.175,KKt
CC4CuqT4ky,0plnryr3,1963-11-06,77.0,3.529,2002-07-03,4D2OZvpO,67.0,-4.895,CC4
AAATiufbIAF,0PpWuEWg,2006-09-10,-21.0,2.634,1985-02-07,MvYfWy9h,91.0,-8.442,AAA
EEEqvGw3H3w,0PsKJEhw,1978-06-27,49.0,2.8139999999999996,1979-06-05,BevUkpUR,27.0,1.318,EEE
EEE12aRno0j,0pUGILmH,2009-10-13,68.0,5.574,1998-08-15,iAaQmFX4,-100.0,5.5889999999999995,EEE
HHHjeDFjR7y,0pv9YCP7,2001-02-13,81.0,8.259,1977-06-06,tvi361Cg,-49.0,-2.331,HHH
HHHsGbjQrfe,0PvwMihE,2000-12-22,24.0,3.074,1981-10-30,jkPNocKh,-54.0,5.726,HHH
HHHmnzL5nzc,0PW7Xrzw,1961-07-20,31.0,-6.992999999999999,1956-10-10,7lNIROUJ,50.0,5.785,HHH
AAAOw4tciOG,0pwYKHj4,2001-10-04,-45.0,-3.989,1966-08-03,rgRIetip,0.0,-1.8880000000000001,AAA
AAAp0UQRB3i,0pWqrpzT,1978-05-02,-57.0,4.2989999999999995,1995-09-01,2NhFQC0t,92.0,1.24,AAA
FFINxTWzsc,0pWtgLxK,1995-08-03,8.0,8.266,1952-10-18,kDvUimTb,-51.0,-1.105,FFI
AAA1Vf0ubDS,0pxnbC1S,1967-08-26,73.0,3.0239999999999996,1984-11-26,fulD7ECB,-94.0,-5.149,AAA
GGqpl62DEv,0PZ5AafQ,1991-07-11,7.0,3.483,2000-12-12,okUFmWJR,84.0,2.201,GGq
LLLPYsRwc6k,0q49wL4Q,2005-10-29,-45.0,-4.614,1964-10-13,SGHc2Ekg,-38.0,-8.984,LLL
HHHEBPhi4Lx,0Q6ZD18P,2008-04-15,1.0,-9.429,2002-07-07,9Lh4oXzz,-15.0,2.175,HHH
LLLJnOOacRo,0Q9ewel5,1991-06-17,-89.0,1.376,1975-08-01,TqoQinPe,14.0,5.96,LLL
FFMMvkOP8U,0QaEF6qn,1953-05-16,-38.0,-0.575,1989-02-28,Nwxk5KRY,-41.0,-6.1579999999999995,FFM
CCglxojxoI,0qAQbfWU,1975-10-15,-55.0,-2.169,1989-08-11,avXnsNVT,95.0,4.454,CCg
HHHwYCV5ABO,0qbNkaGb,2001-11-10,54.0,0.052000000000000005,1980-02-19,KYyKPHWO,26.0,-8.965,HHH
DDDDnsRt7rZD,0QceFmH9,1975-03-08,26.0,9.017999999999999,1993-12-02,UMaTaf26,-32.0,3.174,DDD
FFv7n7jUw8,0QD0ztOh,2016-07-17,82.0,-5.985,1972-04-14,OSaEML5K,-38.0,3.8160000000000003,FFv
EEEZNCFtR6C,0QDyhYs4,2002-07-01,33.0,-4.302,1964-01-14,6jx7pYpY,10.0,7.315,EEE
AAA2u1Oq424,0QEP5izw,1956-07-09,-63.0,8.627,2001-02-18,kJC56XTV,-77.0,9.054,AAA
BBBeXwGxQUN,0qf7A3zq,1959-12-23,86.0,0.341,2001-09-27,86ea71Kw,64.0,-1.4,BBB
DDDDXZehrw7T,0QfEhf3S,1958-10-13,-29.0,2.737,1998-04-28,59S3Dn3Q,-7.0,6.603,DDD
DDDD9DE8GlSp,0qGf33rQ,1972-09-05,13.0,-3.266,2007-04-25,5ptTPSuC,93.0,-1.8259999999999998,DDD
LLLHINxNw31,0Qixhq6s,1991-09-14,-57.0,8.648,1958-07-20,h4A9G5Wn,-67.0,2.8989999999999996,LLL
GGBWADeYmJ,0qokPj1H,2013-07-02,-23.0,6.42,1979-08-13,KX63mKfF,14.0,-2.013,GGB
HHHsyEC64CQ,0QpnIGtQ,1968-10-24,-100.0,-6.961,1957-02-04,5rOGRZfa,-66.0,9.665,HHH
LLLzz1fHymQ,0QqkRkis,1977-02-04,59.0,9.43,1993-05-07,lZYhXWSN,-76.0,5.399,LLL
KKSEX7492H,0QVpJVzq,2002-03-22,40.0,6.034,1961-06-23,8FmMs7ag,32.0,-8.639,KKS
FFibTOJHwT,0qVZZF3p,1962-04-20,-99.0,-7.431,1974-08-17,xeNDnR09,-43.0,-2.0669999999999997,FFi
LLL9Yj4j12v,0QzbHHH7,1991-02-19,-98.0,5.71,1973-09-28,ZZ9Lk2mU,34.0,-5.316,LLL
AAANq0mkXfQ,0qzVS51x,1979-08-10,93.0,3.017,1989-04-20,tpoN8QXh,3.0,-5.898,AAA
AAAwWUZXhHH,0r2aBMyF,1960-01-13,64.0,-4.626,2001-04-13,BumtgYlU,-36.0,-7.671,AAA
AAA99fwm4Ns,0R2aL16j,1971-11-15,-4.0,-2.013,1977-09-10,vqwoxAiQ,-75.0,-2.053,AAA
FFuPk3W23F,0R2r22Rw,1955-12-15,-75.0,3.886,2013-06-04,ZtUyTcFm,-83.0,2.2569999999999997,FFu
CCWwEAuTTb,0r2xlG8E,1983-12-17,-32.0,0.98,1981-05-24,o4TRytlJ,-58.0,4.285,CCW
FFGvXjgVLV,0R322MZr,2013-01-21,71.0,-8.613,1952-08-25,LR9JRwxu,42.0,0.898,FFG
CCjm5P8t0g,0R9jYiPt,2013-09-24,60.0,-5.561,1995-10-16,XLpBoqn0,-1.0,3.659,CCj
DDDDRP8eC4Wv,0RAanvbn,1955-09-07,-8.0,1.724,1982-05-31,Oc6ZIS7i,-54.0,5.724,DDD
FFmCNjzv2k,0RAoGj8O,1990-10-08,-60.0,-9.987,2009-05-04,jXL1DOis,95.0,8.36,FFm
EEEyu91TrH3,0RaQ1Pxt,1961-12-02,2.0,-7.767,1980-07-31,rObY86p6,18.0,-7.41,EEE
HHHw53r2C4M,0raQHkOi,1957-08-18,63.0,-7.832000000000001,1975-07-16,PwfkVqC7,-60.0,-5.626,HHH
FFY26YwHmz,0rbGaK2Q,2002-10-23,-72.0,9.98,1953-10-07,7QTvFe0w,-52.0,-4.117,FFY
BBB640oMOMS,0rbifDAc,2002-12-20,8.0,-9.943,2017-01-02,eqVIJWJu,77.0,-3.997,BBB
DDDDBDnDFMYS,0Rc1moah,1998-08-30,-98.0,2.161,1957-01-15,bERK2nTF,93.0,1.306,DDD
AAASol8ubFc,0RepURkl,1995-05-15,78.0,-7.172000000000001,2013-09-13,0ElwlGRx,8.0,7.709,AAA
KKQex960CK,0RFClAao,1970-03-25,64.0,-6.195,1965-03-14,0Qqr3ZnI,-57.0,-9.248,KKQ
BBBNRZhSMr4,0RgLKoGU,1989-04-20,-72.0,7.087000000000001,1956-11-07,SOWmKT2N,-35.0,9.966000000000001,BBB
FF1TKFg2tL,0Rh1Anpq,1967-06-28,26.0,-2.221,1957-06-12,LbFy08J0,14.0,-8.566,FF1
CCn6R9UsuE,0rYerT6D,1958-08-09,-27.0,7.457000000000001,1962-08-04,kI6zlkmv,-1.0,6.831,CCn
HHH1tuNHhMC,0RYjYywH,1954-09-07,39.0,-4.144,1980-06-13,oCrJOgxL,38.0,-5.856,HHH
KKTDSYsvoE,0rYnzITx,2010-04-19,-28.0,-4.166,1998-07-10,sIm4HL29,-25.0,-9.937000000000001,KKT
KKLD2ZwOjq,0rk73t2y,1989-12-17,52.0,-5.3629999999999995,1961-04-13,fwp0TwUV,-99.0,6.896,KKL
DDDDEZyhbcS3,0rNvUPu9,1984-12-07,-49.0,2.8539999999999996,1951-06-11,311C9F7r,-37.0,2.1630000000000003,DDD
DDDDffWTExTm,0ROp4RHX,2017-01-10,54.0,4.315,1959-02-10,j1woaknl,92.0,-4.985,DDD
AAAQuXcG6jC,0Rs69U77,1952-08-11,-96.0,5.515,1953-06-10,B6Hv5M4k,-33.0,-4.981,AAA
DDDDK9lLXMwE,0rSHsWWC,1974-09-04,-27.0,-3.074,1984-09-03,M58p5OmA,-32.0,8.601,DDD
DDDDEDB3Wkiq,0rtgSUOx,1957-08-06,-39.0,7.273,2003-02-09,QxCrGQW9,25.0,-6.55,DDD
FFEJA7DWPU,0RUGZ0Da,2009-04-20,-39.0,-1.744,1977-06-14,smpLaZ9Z,88.0,1.236,FFE
KK5tfpYyDh,0rvO9yem,1978-05-27,99.0,-2.38,2009-08-31,8sK6IBrv,-36.0,1.486,KK5
HHHBx1ttRzp,0Rz1Fjmk,1977-08-17,-65.0,4.146,2004-04-27,t8Jubt2X,-97.0,-1.358,HHH
CCh7Vua68t,0S0wOIKV,1978-02-22,-65.0,3.69,1968-01-20,099GmfeQ,-49.0,-8.434,CCh
FFBp6oED8l,0S3oYZ89,2016-07-09,32.0,4.425,1971-05-05,k2etlMJf,-57.0,-4.614,FFB
CCWTnL0916,0s43D7vw,1965-12-11,60.0,-3.852,1951-09-12,kXPXIagr,-76.0,5.2829999999999995,CCW
BBBUT5B3mEI,0s6ofrXy,1977-06-29,-75.0,-8.177,1977-08-23,YWG4yGU7,40.0,7.189,BBB
KKTQUY9bbW,0s7LsGwn,1954-05-31,-85.0,9.379,1953-05-26,9KarHssA,76.0,-5.9,KKT
LLLo7Q9zhjn,0SALKxL2,1987-01-30,-97.0,-1.2429999999999999,1981-09-09,OvXCwmbx,20.0,7.8629999999999995,LLL
HHHxutLaYOj,0saQkkR2,2005-12-26,61.0,6.62,2011-10-06,vbOCtIah,41.0,-8.677999999999999,HHH
GGrqsRoPEa,0sfKBrUj,2012-12-23,-56.0,-1.685,2010-05-01,MnyG3l8R,-2.0,-7.211,GGr
KKpBXKhLjY,0SgBTOSw,2017-01-09,-58.0,9.002,2016-03-22,P3nbljmN,-3.0,-9.158999999999999,KKp
DDDDINvSW9Wm,0sGQIhBQ,2002-09-09,69.0,-1.256,1993-07-31,IN1XruNn,11.0,3.855,DDD
EEEDSKLqQfS,0sHNNxpe,1970-11-11,8.0,-0.626,1963-03-24,m4ea5w2t,-17.0,-0.154,EEE
KKPDiRcJV2,0sygfCrk,1967-09-02,62.0,1.15,1951-03-04,08sfQS8D,-63.0,-6.6129999999999995,KKP
EEE71kOlmYc,0SyGoOKl,1967-12-01,-64.0,2.635,2012-01-01,86irhmb5,-13.0,-6.877000000000001,EEE
FFOzPMz2pz,0SihDGHT,1996-01-07,-49.0,3.167,1984-05-30,ZFG4yJCo,-80.0,-4.351,FFO
BBBAGhu3aL8,0SYrEbwP,1984-12-02,-75.0,5.7860000000000005,1964-12-12,8amiOY9a,-96.0,-3.2960000000000003,BBB
KKfq8w2TOv,0sJFKKh0,2015-12-16,-22.0,-7.249,1995-11-03,o3VbMmpt,87.0,-1.6869999999999998,KKf
LLLWprpSIbi,0SmlWFPo,1975-10-27,-58.0,7.192,1976-08-26,ZFaESf6q,-47.0,8.847999999999999,LLL
EEERj7n2SZV,0sntNDik,2007-05-05,-79.0,8.347999999999999,1986-09-01,qLVukDbk,28.0,9.71,EEE
DDDDewaRKGli,0sOUmHKA,2003-11-14,2.0,7.83,1971-09-19,vgmCjIt1,8.0,3.253,DDD
AAAkRzGnIwr,0sPfBWMg,1967-11-07,-100.0,-9.249,1975-04-23,pvk1rFZQ,-32.0,-2.4930000000000003,AAA
BBB4qo47Ef6,0spMsBR5,2003-10-02,-31.0,5.912000000000001,1959-05-11,wBXGAbXA,-31.0,9.363999999999999,BBB
CCmFlcA335,0sQtxqmw,1955-11-25,-89.0,0.053,1985-02-23,4hEeA0rG,32.0,3.4330000000000003,CCm
GGSwxcIDIV,0SSiAMcj,1972-08-16,95.0,0.218,1984-12-29,pRHcTU41,16.0,-8.296,GGS
KKnfsiU3AW,0sTUgR9O,2005-12-04,-24.0,-2.045,1956-05-06,XLytrk4g,92.0,-9.988,KKn
CCfTkAiJWj,0sUxTfes,2008-12-03,84.0,7.581,1981-09-22,NEIyB0mK,54.0,6.188,CCf
BBBQcYFlUsg,0SwNNNQ0,2010-02-25,-78.0,9.997,1963-05-27,3968ovng,90.0,-7.398,BBB
DDDDjio22gJO,0SXGW6LF,1968-09-23,-72.0,9.097000000000001,1958-01-17,2YnZgtK4,-69.0,4.497,DDD
BBBJiusYaYQ,0SzzyysS,2016-02-05,37.0,-3.3939999999999997,2001-08-20,g2oqVB2r,93.0,0.44299999999999995,BBB
DDDDgviSSJsB,0T0aUwGX,1986-02-26,82.0,5.4110000000000005,1992-05-22,gIkqag7S,-56.0,-5.221,DDD
AAAg3XVQAGx,0T0sOpl5,1970-12-11,-33.0,4.504,1998-10-27,xpiKT4OX,2.0,2.927,AAA
DDDDPmoZlDDL,0t7nrXPr,2004-03-28,59.0,-8.87,1951-11-29,fXbWPucO,-96.0,5.044,DDD
KKcNDWzZLs,0T8cvvCR,1987-09-17,82.0,6.095,1986-06-13,QuK163pO,-94.0,-6.9110000000000005,KKc
LLLmEIw2euH,0t90qJMR,1956-12-01,68.0,4.356,1974-03-02,7YaarHDV,-80.0,4.129,LLL
KK1fUZfm6p,0T9yTOwu,1999-11-05,19.0,7.2860000000000005,1967-01-14,ckwPSHva,54.0,5.124,KK1
CC9yG8SHpr,0taKXUUb,1973-03-23,21.0,-5.999,1973-01-30,97NaGtw2,4.0,2.194,CC9
GG7xjkLHMp,0tDGOrPG,2002-06-30,-56.0,-0.34600000000000003,2016-08-10,kZY1U1ix,-37.0,9.253,GG7
EEEDbwejkUC,0TEjRjeh,1953-02-25,84.0,4.074,1989-03-12,1r9ixI97,32.0,-9.539,EEE
DDDDBkfpMBu8,0tEqpYPF,2003-02-04,49.0,-0.409,1958-10-17,7lcC0M0G,98.0,-6.605,DDD
HHHSzZQTxYO,0THMpyYu,1961-11-19,85.0,-3.48,1953-04-03,Ri8GeniI,-89.0,-1.74,HHH
CCNfLM7jVh,0TkBJOl1,1968-04-13,29.0,8.006,1986-10-11,HvoMne6Y,7.0,4.874,CCN
GGj7ubDoam,0tKT1wSD,1977-01-12,64.0,1.4769999999999999,1970-07-05,jyx5iE48,-33.0,-1.9040000000000001,GGj
LLLODnVrY4G,0tpqpx8C,2007-06-05,93.0,7.997999999999999,1960-03-05,IRnfTgCi,-20.0,0.968,LLL
EEEVmsIk9QF,0tpwGqf7,1952-06-03,-82.0,-9.766,2002-08-20,fa2VFXqb,-52.0,3.286,EEE
DDDDhSmN8jPU,0tRPevSA,2004-11-06,89.0,7.082000000000001,1993-06-13,CWOnkTu9,13.0,0.272,DDD
DDDDim02olLf,0tStDsPu,2003-02-18,56.0,0.121,1960-11-23,cHc0BU8p,16.0,-9.349,DDD
KKBIZQ7PrC,0TTeDqii,2002-12-15,100.0,-0.419,1987-04-03,fyzMIhk2,89.0,-4.788,KKB
LLL1hFQEM6j,0tVi76gl,1974-02-27,-15.0,3.293,1956-01-18,XC5PAAvg,90.0,5.051,LLL
HHHBWSo5Hll,0tW5ZL2q,1971-04-09,-44.0,7.653,1976-09-18,HtlSpyV8,62.0,7.854,HHH
LLLOlRs0hxO,0TWHqiWW,1956-11-20,86.0,-4.096,1962-06-23,KppKJ31m,-63.0,3.888,LLL
AAAkTwfoYP1,0txrayES,1972-07-08,95.0,-7.69,1986-07-11,UFVtvEUb,29.0,8.111,AAA
HHHLLaQOmV2,0TzRQSn6,2001-08-08,98.0,0.069,1964-11-26,0GRbKE6F,71.0,2.708,HHH
FFRNQ5VTju,0U312nHK,1988-12-06,93.0,3.575,1990-01-21,sQMCfmQO,-100.0,9.762,FFR
CC32pUAOpU,0U4bZhCw,2007-08-15,89.0,7.976,1999-11-10,wnRyGmgU,-88.0,-9.965,CC3
DDDDEz9PXuLr,0u8hTupB,1958-08-24,92.0,7.796,1993-01-13,7iqjRVYX,95.0,4.335,DDD
LLLFP6ThbKM,0u9mUuJv,1985-06-13,14.0,3.352,1961-06-10,CK4RofR2,-88.0,-1.02,LLL
BBBKiPR67hA,0UajpvL9,1956-08-14,-41.0,0.73,1970-08-25,wl7gLmYc,75.0,-2.6,BBB
CCBq08RBtr,0uAS9Zhz,2002-02-15,71.0,1.814,2010-12-03,07uwMIlc,22.0,-9.847999999999999,CCB
FF2yfUJFjT,0uaTDik8,1967-11-29,8.0,-2.103,2005-11-21,8chDvTZY,-27.0,4.467,FF2
AAAbe16NTun,0uB5ombG,1967-01-26,-36.0,5.744,2014-09-04,HjSmMVy6,21.0,8.084,AAA
AAAN5lcr7DP,0ufnbhSM,1954-05-05,-34.0,0.602,1954-02-10,RYybyATp,43.0,-9.167,AAA
GGG8v36MHy,0UGczLTC,1990-11-26,-86.0,3.487,1976-11-28,1Oj12a5Y,-48.0,7.983,GGG
EEEJjNqQ0rw,0ugsva8u,2012-11-03,-53.0,-2.8939999999999997,1998-08-21,65JqhmKH,-22.0,-3.838,EEE
DDDDhV27LxeI,0uHlQYWv,2001-03-23,-9.0,6.827999999999999,1984-03-04,CTMnoJlF,-85.0,7.72,DDD
CCJ8vcEXoZ,0uyj2mbV,1988-03-04,66.0,-1.436,1970-08-24,P0FRMqKx,61.0,-6.803,CCJ
CCSbeeV7a5,0UiK6izK,1967-07-15,-16.0,2.665,2000-11-07,zSZxEpFa,-11.0,-8.905,CCS
CCfUpaJrc2,0ujjFK1n,1961-10-12,69.0,5.117,1995-08-22,bBuvoKk3,82.0,-6.087000000000001,CCf
BBBEwtG9kc5,0UjR6w3r,1975-12-22,97.0,-7.167000000000001,1975-02-16,pepFkQas,-47.0,-9.484,BBB
LLLGX2uXg8M,0uKSvFEw,1961-05-09,-96.0,3.812,1980-01-31,LLRnIJPL,0.0,8.415,LLL
LLLJYEmfvBj,0UkztQMk,1968-01-22,3.0,3.792,2002-11-09,uCruBygH,34.0,-0.021,LLL
HHHrD42Ijhi,0ulHsFam,1951-05-28,-13.0,7.6370000000000005,1957-07-06,ouLeEiTB,-22.0,5.2170000000000005,HHH
HHH0AppN03U,0ulNBqYT,1967-10-08,-57.0,7.529,1965-12-19,WlSc30Hb,-60.0,-9.606,HHH
DDDDUA3bRwjx,0uOJJZ9k,1994-08-01,-77.0,1.0190000000000001,1980-03-21,g1nA1RjP,-79.0,-3.784,DDD
DDDDfijQPX9q,0uqFFDOo,2010-08-26,59.0,5.909,1995-07-19,P6Z8qnnZ,49.0,-5.784,DDD
LLLqTy0Z0m2,0uqTr8z8,2016-11-18,-25.0,-2.529,2009-12-02,MMLf38Kq,81.0,6.521,LLL
EEEpvxeHVQA,0uRXn2PZ,2007-08-24,-55.0,0.74,1958-03-15,fYQAxb6N,-14.0,-4.894,EEE
EEEVlzxGtVu,0uu77GDm,1987-04-09,14.0,5.457999999999999,1953-11-13,mBL39yOq,91.0,-0.36,EEE
DDDDu9OCFVLy,0uVqzcFW,1954-09-09,-13.0,-9.582,1999-11-21,e5uuYFQs,71.0,-9.422,DDD
FFi6uAz1o7,0V0kyk0V,1976-03-14,-84.0,7.507999999999999,1988-10-02,79Fmcc1F,29.0,9.613999999999999,FFi
HHH80PQo7l4,0V9sRQPU,1953-04-12,-49.0,6.63,1964-02-22,vIr3g93C,76.0,4.44,HHH
GGgUQXzVB1,0vaQl7GR,1954-08-21,9.0,-9.126,1976-09-28,wBhQ5LHH,88.0,-4.996,GGg
CChTGXa4mb,0vBLgIeH,2014-09-19,-7.0,9.435,1995-12-19,B8QP6YQ5,-51.0,7.7410000000000005,CCh
GGrH00Ajqg,0VCIqhxi,1990-01-07,84.0,3.075,1959-04-17,c1WWfYeH,-84.0,-4.547,GGr
HHHJKM7rD5o,0vCTWHMZ,1980-06-08,-100.0,2.218,1972-04-30,IlalugB9,51.0,7.466,HHH
LLLuCBh8VMg,0veM4U5b,1980-10-16,-30.0,3.542,1990-12-02,G8Uqil1q,52.0,9.122,LLL
HHH98hcf1LX,0VJ3TKBg,1973-02-10,-1.0,5.746,1978-06-27,2NHl1LST,78.0,9.13,HHH
CCWZgJ41iT,0VjPHTCH,1969-10-02,45.0,-3.145,2012-11-02,go42pYnb,-38.0,-1.561,CCW
GGGS5rVeYq,0vkkZCIQ,1977-03-08,2.0,-3.49,1956-08-17,g8rMyUyG,-36.0,-5.051,GGG
BBBCJ0m7N90,0VLHzE3i,1962-09-10,-89.0,3.7769999999999997,1958-03-16,E1UvKDf0,-80.0,0.039,BBB
AAAv2DCh61Q,0Vm8C7Qn,1987-10-08,93.0,6.7410000000000005,1975-01-18,xbvVSifK,24.0,-8.263,AAA
DDDDV2ptUg2H,0vNEwtlA,1971-08-29,-82.0,-5.398,1962-04-19,o5VgAGYh,51.0,-2.972,DDD
BBB8wDz0epS,0vOBRGVG,1995-01-16,-72.0,-3.5210000000000004,2005-04-08,G4eaD7cm,-20.0,-1.838,BBB
CCRqCv6RyO,0VP79hCP,2000-05-17,-13.0,2.273,1961-05-12,m5sxnvmj,-29.0,-8.414,CCR
CCbKFqsNJw,0VRNQerq,1979-05-26,-51.0,6.332000000000001,2012-06-04,BgoV4Hik,-43.0,-4.957,CCb
LLLsxThRz12,0Vt4VCDf,1986-09-04,-73.0,6.372999999999999,2017-02-26,pYRkLIGL,-1.0,8.404,LLL
GGlaZc7RxO,0VtgNwKG,1961-03-10,20.0,-6.692,1990-06-15,OHyQZDgR,81.0,2.761,GGl
FFPE7xIEyf,0vvENKcl,1962-12-04,-51.0,-5.905,2006-06-15,sy8MfxUC,35.0,3.924,FFP
CCFfzuxLpm,0Vvj1i9Y,1989-08-06,-81.0,2.365,1988-09-15,JWFII7hV,42.0,3.417,CCF
BBBUjtGGHnI,0Vz8enP6,1984-08-03,-50.0,9.354,1967-08-29,5u33CeQM,-50.0,-6.51,BBB
CCAhgVATn4,0w0HTvEY,1961-12-28,-97.0,5.537000000000001,1975-06-05,LODwOEPO,22.0,2.506,CCA
GGy47qi32j,0w38vICI,1965-03-11,19.0,2.588,1994-09-10,1RAwoh0F,97.0,8.59,GGy
DDDD7GugLoGy,0W4ovUto,1979-12-12,-80.0,6.147,2012-01-29,IxpY24mu,69.0,2.7119999999999997,DDD
KKSLIz1Hql,0w4zkChu,1963-11-27,78.0,-0.187,1964-09-09,jl2Ah42q,-46.0,-0.025,KKS
BBBnHYbPJPu,0W69JqGP,2002-04-28,61.0,1.7009999999999998,1972-04-07,Wchaj6T9,55.0,9.661,BBB
BBBcbXobpI8,0W6PTrGv,2007-06-09,65.0,-6.495,1991-04-15,zlJOGuot,79.0,6.103,BBB
KKxMMQyzW3,0w7Jo2cF,1968-04-18,-50.0,2.987,1994-02-26,HTGDIJbj,53.0,2.4090000000000003,KKx
KKMUTJOlIO,0wfG0uVK,2015-10-15,81.0,-6.407,1986-07-04,i7jJgYGV,36.0,-1.5819999999999999,KKM
HHHwwcxFvMy,0wICSi9f,2013-04-01,-70.0,-8.527000000000001,1983-12-27,uZR5Glfw,40.0,6.643,HHH
GGvJK5e6YA,0Wyh28qr,1968-03-14,-25.0,1.8880000000000001,1972-07-06,pLm0EMh6,-86.0,7.93,GGv
HHHFqG06m9l,0wJfWDj4,1965-09-08,60.0,7.107,1982-11-15,ReJ5SGlf,60.0,-8.105,HHH
FFrYesygEt,0Wm0kGQY,1964-09-02,-6.0,-9.832,1994-08-03,rRTY2DWS,-32.0,3.748,FFr
AAAIHmh72OV,0wOu3v5U,1967-05-25,70.0,-1.365,1970-04-04,klXhKeyA,10.0,6.882000000000001,AAA
FFy173xlRU,0wowjTYJ,1988-09-27,-47.0,7.8629999999999995,1963-03-11,eZVpmb8B,56.0,-4.981,FFy
CCLggm5r4g,0wPPO8iq,2014-11-27,-91.0,-5.037,1975-09-11,9ohmzAAw,-90.0,1.858,CCL
BBBFzBAiOzg,0wqYc9Zf,1999-07-13,24.0,-9.899,1956-02-01,sAJrobNl,-44.0,-9.502,BBB
KKxf8WvQzt,0WRKhbWj,1983-10-14,25.0,6.355,1995-12-26,Gt9ceBA2,75.0,1.3880000000000001,KKx
LLLvClBtJ1m,0WtijOti,1999-07-03,-63.0,-6.0120000000000005,2000-02-27,qP6jcRvW,12.0,6.497999999999999,LLL
EEElInkqvHE,0wVOqz0x,1966-02-01,32.0,-4.593999999999999,2002-02-04,65epR2c6,87.0,3.719,EEE
DDDDGUY2uHWL,0WwbIgB1,1954-07-30,-25.0,2.82,1962-07-07,Gqs5ye1Y,-96.0,3.022,DDD
HHH2R3uJotv,0WXH5Xbt,1963-02-28,-62.0,4.916,1981-01-13,MEbAHpN2,19.0,-6.622000000000001,HHH
HHHM6gPYUIq,0wZ5W47u,1958-10-14,68.0,9.003,2002-06-04,ORkDDPaO,-41.0,-8.836,HHH
CCwcV0a8XL,0wzPU7op,1956-06-07,4.0,1.376,1983-01-21,oNqoPEEu,-29.0,-2.076,CCw
EEEngKncyRM,0X156bx5,1954-10-19,-85.0,5.992000000000001,1992-01-22,owesIrj1,-83.0,-8.923,EEE
AAAjxc5RbKW,0X4PiKTP,1980-12-23,93.0,1.1909999999999998,2008-03-06,z5tcbNav,4.0,8.484,AAA
DDDDBeF1WciI,0x9VE9AY,1993-04-01,-77.0,-7.19,1976-10-30,18TfiNEz,39.0,-7.71,DDD
AAAbleb5WA2,0XaPWZRi,1972-01-05,80.0,-1.56,2013-12-17,r4DmsGbA,-75.0,3.545,AAA
FF13q5iCIj,0XbCw1g8,1989-06-27,-78.0,-8.908,1957-05-02,KlOWiEIL,2.0,-3.898,FF1
HHHrf0K72Oi,0xc0t8mA,2016-12-03,-39.0,-3.21,1987-03-05,EpJGnyHL,5.0,-4.635,HHH
CC9XylH5KW,0xcZwYNL,1965-07-28,55.0,1.9409999999999998,1986-02-14,Wp5qtp6J,-8.0,-3.4939999999999998,CC9
FFUtG5ZHpR,0XH4yuxo,1967-07-08,37.0,2.059,1994-08-29,1yvEVXcN,-9.0,-6.513,FFU
AAAKIk00jE8,0xY54X1Q,2006-12-30,-25.0,-3.477,2012-09-18,tnwilFWj,47.0,2.781,AAA
FFofw1X5kv,0XYarNbf,1997-08-07,73.0,4.513,1981-08-13,pfqZ5Fii,-7.0,6.9639999999999995,FFo
GGraQmKO6c,0XYECb5w,1954-10-26,70.0,9.888,1980-01-11,o4l0nUPB,-64.0,-4.422,GGr
AAA5yNUyLbe,0xIril6V,2016-03-20,17.0,-3.6,1996-11-02,q5oVTHtI,-94.0,2.262,AAA
FFMT3o5I5B,0xIxzaxr,2003-01-05,57.0,5.899,1960-12-26,J3EnfqHK,-38.0,7.689,FFM
FFBww3BFJx,0xjQqzgu,1957-09-22,3.0,8.907,1982-10-20,uwumrmOr,99.0,-2.485,FFB
GGVpUb0mi0,0xMEAPPP,1964-10-15,-55.0,1.2009999999999998,1995-12-19,Q3xzy30n,-80.0,-9.151,GGV
KKEHsUYiEC,0xPy14aZ,1963-01-12,-75.0,-6.662999999999999,2003-09-12,ijQaBg6g,-41.0,-4.261,KKE
AAAph2TJuCk,0xQk6wz7,2015-09-04,47.0,5.15,1968-02-03,cgl1FMIu,63.0,4.122,AAA
LLLgcuJYklC,0xQX0m45,1986-09-07,13.0,5.539,1971-09-15,s2x7NxlN,87.0,-1.249,LLL
EEESADD48yP,0xRBwSN9,1986-01-27,3.0,-6.517,1985-12-04,S8XjRVqB,-99.0,-0.046,EEE
AAABO9h8NxY,0xrJK4YY,2002-12-03,57.0,-6.441,1970-08-20,gbHN8c0t,-62.0,-4.447,AAA
EEEvsJxD7Un,0XRVOtBm,1965-01-02,85.0,7.444,1975-04-25,bK6uqawK,-90.0,-5.591,EEE
LLL9SFmxDkT,0XsJRoDH,1966-09-27,44.0,-4.707,1996-04-22,YJCO8soP,27.0,4.574,LLL
AAArwaFk6Mv,0xTK96uR,1981-09-29,-2.0,7.59,1973-03-04,VrLGCkJm,-50.0,-3.491,AAA
KK0HWkB73c,0XWvqwUu,1963-10-18,78.0,-2.171,1964-01-08,wr1QpHrj,21.0,4.262,KK0
HHHnlEqja6o,0xxqIwnL,2006-10-08,-3.0,-0.441,1952-02-17,WOQX7PHs,-13.0,-9.792,HHH
LLL2Ceyxmsg,0Z1WMouW,2016-04-19,-1.0,-9.019,2005-03-08,FxfDl691,-38.0,8.363999999999999,LLL
AAAhW6iZPOs,0z5KWRWM,1972-03-31,-83.0,-3.528,1956-03-24,MCQHy9hP,58.0,-5.0280000000000005,AAA
CC6xlaAv8h,0z9hJOfq,1967-03-30,8.0,-2.273,1986-01-05,agG7h8Ht,-15.0,-0.431,CC6
HHHWU5U6QNl,0za1u4ZK,2009-06-01,-52.0,-8.436,1974-10-28,iFDOjUZX,-76.0,3.359,HHH
LLLSGugHL8z,0ZAU4u4g,2007-09-17,-35.0,-4.9,1985-03-25,PNTcbiej,-88.0,-4.845,LLL
FFjZ2Cu7Gm,0zchN0tc,2012-10-10,-100.0,0.214,1971-10-06,4ZuyDT2a,-80.0,1.558,FFj
BBBP2TOONeY,0zcmrwLZ,1978-11-16,91.0,1.1420000000000001,1966-07-23,vQO4cTrB,15.0,-9.302999999999999,BBB
DDDDIBS5EgPp,0ZepZwes,1981-07-09,-90.0,-2.325,1953-04-27,4Qa8BSLL,-74.0,6.685,DDD
FFEfmksVrc,0zerxR5k,1959-11-03,-87.0,9.642999999999999,2002-10-30,K46T4u6S,-50.0,-0.052000000000000005,FFE
BBB4K54i1sG,0zf6p1Db,1960-04-20,2.0,4.316,1986-12-30,wzy9wQXG,-99.0,-8.958,BBB
FFIAJvrnoj,0ZhknxHG,2016-10-04,65.0,6.218,1979-07-09,yyhIVcKk,88.0,3.388,FFI
DDDDBCtiYJ3G,0ZHLnzW7,1957-08-18,-35.0,-2.984,2006-12-19,fOYi9eDk,56.0,-2.45,DDD
HHHyTOJByOA,0ZHlRiUR,1995-04-13,63.0,7.332000000000001,1968-04-13,SfhvsVXF,34.0,-5.3839999999999995,HHH
KKQCSRGMWj,0ZieKm2G,1975-08-22,5.0,8.531,1952-01-28,pfxeckVb,29.0,0.66,KKQ
KKQuOArMPS,0ZYYmSSW,2006-04-24,47.0,-4.667,2011-01-21,19RVBG77,57.0,-8.664,KKQ
FF65qWwztv,0zKs4vEO,1983-04-17,41.0,-8.529,1969-06-01,p84h7neY,-78.0,3.975,FF6
KKbcaThYu9,0zLCPuYE,1990-08-28,0.0,-1.2009999999999998,1987-02-18,ropifTt7,93.0,-3.951,KKb
DDDDgGrKACVG,0zLoPsg5,1968-07-26,63.0,-6.037000000000001,2003-08-13,iVhx9jyD,-63.0,-7.835,DDD
EEEKmnoloXV,0Zmq7Y9x,1991-10-08,73.0,-1.246,1978-12-03,fPS4IROh,29.0,6.904,EEE
CCfK6CruHr,0ZOfSFqf,1992-05-26,-55.0,-3.594,1975-10-03,2faLl75R,68.0,5.08,CCf
GG9pLIETUh,0zoQ0E7Y,1994-08-01,-21.0,-5.728,1990-11-08,SyTV6QIK,91.0,8.923,GG9
FFoIxqVWp9,0Zq5mnIt,1967-07-04,-56.0,-1.102,1965-06-29,Tw24jh5x,79.0,-4.447,FFo
DDDD2RMoJGQb,0zRoHBXH,1990-06-06,82.0,-1.5,1985-02-24,33iTiMNN,57.0,-1.436,DDD
KK33HX8cWE,0ZrVv9h5,1980-11-12,5.0,9.458,2010-04-13,FToeygVw,-23.0,-8.933,KK3
AAAbZ8p5nsO,0zSbMz0J,1999-01-29,68.0,-2.972,1962-08-06,SRUKjrQK,-5.0,8.592,AAA
AAABYoeJTi6,0ZswFKsg,1970-11-02,75.0,-7.39,1987-03-28,eVCXUMtG,71.0,-2.318,AAA
EEEBZmer4Qp,0zTXrzcy,1996-08-16,-68.0,-5.254,1976-11-22,3HUpwX1O,-23.0,-4.691,EEE
BBB7vACZZF3,0zU4vSCN,2006-04-10,29.0,7.4270000000000005,1997-06-17,jVHtJxLo,52.0,6.436,BBB
GGZPa7Qn9x,0zu5WDEl,1999-05-01,62.0,0.09300000000000001,1974-08-11,D3Ok8ByR,-15.0,3.2110000000000003,GGZ
GGAMDHlgpS,0zwbLnWu,1987-10-28,71.0,-9.612,1978-10-03,LBeUTRvB,-8.0,-5.835,GGA
LLLSzPAkGul,0zx1xVZh,1997-07-13,34.0,-9.379,2009-11-15,NACVmU4r,5.0,1.364,LLL
KKGcpOb1MG,0zX4YQrJ,1966-05-08,8.0,-0.011000000000000001,1967-09-08,3c9Lj3Zl,93.0,6.825,KKG
FF52vgprmm,0zZOyvO4,1963-06-11,41.0,-6.249,2008-09-15,D9XmC2jC,-51.0,-3.423,FF5
DDDDv6IColKy,100HTNBM,1982-11-01,-20.0,-7.95,1975-07-13,hH0WMC7q,50.0,-0.701,DDD
HHHGhMQJIKy,10bWQ49x,1971-09-14,33.0,-5.502999999999999,1996-08-23,h09TMzmW,-5.0,4.715,HHH
DDDDkYTCMxho,10CAcpcx,2001-12-15,76.0,-6.392,1965-09-24,6jF57PcB,-27.0,-2.499,DDD
GGEvCGgtx3,10CIM28g,1953-12-24,-55.0,3.594,1998-07-21,WMTGcCii,-56.0,-8.96,GGE
BBBgXfZ8yu8,10F2rolF,1979-03-02,-9.0,-2.511,1991-06-27,oJAQuCkt,54.0,-5.103,BBB
FF4KzyQn9I,10FFjp8v,1988-02-19,-30.0,3.508,1999-05-24,30cP9f1Y,87.0,6.8839999999999995,FF4
KKHJvMeqr1,10JNho1G,1968-12-28,-5.0,-1.692,1965-08-17,Oaw0c2sQ,-99.0,3.278,KKH
KKathlmMwe,10mRlxlF,2008-12-07,43.0,-5.745,1959-02-23,JFsbPt8n,-6.0,8.35,KKa
LLLzy0xvoWH,10MxToCQ,1999-06-13,38.0,-9.908,1961-05-07,wxzMyTZg,91.0,-2.7710000000000004,LLL
EEE5AKlXWtb,10NvKIwE,1990-12-25,60.0,-8.549,2001-10-25,k95p5ORK,64.0,-7.5089999999999995,EEE
GGDIizka3D,10O7zCRM,1996-03-01,99.0,-0.213,1958-08-26,0AZEsXPS,-1.0,0.946,GGD
GGHIr5iZmH,10poUSNn,1998-06-26,-7.0,-6.3629999999999995,1978-07-03,c5VtS4Ka,-4.0,-1.777,GGH
CCfwxFKemj,10rg69iK,1993-06-03,-8.0,-9.959,1992-10-25,iuc0pguZ,97.0,-7.718,CCf
EEEjQ6j9QDO,10RMyMfU,1994-10-17,-79.0,-1.04,1993-08-24,8GLI2tYZ,-69.0,-4.699,EEE
HHHxxLyYcyx,10UCDqYB,1997-12-15,-74.0,2.2969999999999997,1973-01-18,8nEQAtoT,85.0,-0.8079999999999999,HHH
GGgsku9A4f,10V39glA,1991-08-10,-75.0,-1.263,1982-06-09,Y5yai1nZ,32.0,-4.067,GGg
LLLkVTSf95l,10vc0QRA,1966-05-11,-44.0,1.693,1957-04-09,5kvx7cxw,89.0,-9.765,LLL
AAANy2WTG5G,10vFr7JC,2005-01-05,73.0,5.8260000000000005,2002-12-14,265eucGK,100.0,-7.367999999999999,AAA
GGo21NoWnf,10vkXsoP,1973-11-06,8.0,-8.117,1996-08-02,zXmBaOrZ,-22.0,-4.218,GGo
AAAchWMbvDx,10W3CHRh,1988-02-06,93.0,5.959,1961-11-28,i9fwl1PN,75.0,4.273,AAA
EEETzpctTau,10z2DK7y,1959-05-31,9.0,-8.076,1961-09-11,B9u3n2oi,-1.0,9.216000000000001,EEE
LLLDaRpzzbL,110r0BQc,2007-03-21,-28.0,-0.976,1966-05-17,nIBp6uH9,-77.0,-7.066,LLL
AAA9H67RODR,1116cPoM,2000-10-02,-17.0,-7.901,1989-11-06,1DWpHF6z,3.0,-6.787000000000001,AAA
LLLFij9YOcu,112bDoW8,1997-07-22,77.0,-9.417,1957-04-10,2w7RAZTU,66.0,-4.678999999999999,LLL
EEEqSarVocb,113VUAuq,1993-04-04,-81.0,-5.29,1989-08-01,7hpUtYJ2,15.0,-6.8870000000000005,EEE
CCZb43zj0j,116YlzDF,2005-03-23,78.0,2.6889999999999996,2001-04-15,wa8I7Vu8,-52.0,5.6770000000000005,CCZ
BBB3eOURKPE,11CtpKHL,1956-10-29,18.0,5.343999999999999,1998-08-30,6u7YrQNt,-28.0,6.027,BBB
CC1JlggYuB,11Fjtg2Q,1958-04-15,-3.0,9.135,2004-09-22,NyCnjIwX,16.0,-1.895,CC1
CCHPUDmNDs,11jNjcQN,1993-07-30,-18.0,0.036000000000000004,1999-02-02,yBQvmbAy,15.0,8.057,CCH
KKwhSbQkHe,11K2Bqmx,2002-06-28,65.0,-2.96,2011-05-05,AsMy3lz9,7.0,-8.01,KKw
HHHsbqTcXyk,11l5lY4h,1982-09-26,-54.0,-5.827999999999999,1992-01-17,tBeqQAzA,19.0,0.361,HHH
CCiq7AnxWh,11lU6X7Z,1957-12-15,-22.0,-2.499,1982-08-17,AuYQ6mqe,-79.0,3.286,CCi
CCih6t45Wv,11Mmz2HG,1979-12-15,17.0,8.322000000000001,1975-04-28,EyIbwB2m,18.0,-1.525,CCi
KK5jpoQXDL,11NywNzj,1999-04-06,-72.0,0.467,1956-12-28,f9PXGtGI,-75.0,0.703,KK5
HHHurFhKz0m,11pMkret,1956-12-31,15.0,-2.2119999999999997,1956-06-26,3e9IXR0j,-54.0,-8.699,HHH
EEExbiEorBB,11qfjFqA,1962-08-03,33.0,-1.486,1963-05-04,zqwhKP8c,22.0,-3.267,EEE
AAAU3zpsSZQ,11qh4EV5,1986-09-04,86.0,-3.465,2001-07-08,Ovx8z6Oh,71.0,-8.202,AAA
BBBhvJ9UjoK,11Z7z9Qa,1955-11-06,77.0,9.79,1962-04-01,XC6LrHIo,-15.0,4.434,BBB
FFTJ8AKFD0,121QuszB,1968-05-30,28.0,8.134,1972-05-19,rSSpFAAM,24.0,-7.7010000000000005,FFT
GGIoXjM0Ri,124LN5Um,2016-01-23,56.0,-8.011000000000001,1978-10-23,3ifGe1b9,8.0,3.179,GGI
AAAfB4UD8py,12cMbIQC,1998-12-19,-94.0,-1.9680000000000002,2011-11-23,BhQOkxcw,96.0,-5.947,AAA
BBBowbDt6Ha,12cw7NQ8,1985-10-19,-4.0,-2.5780000000000003,1958-07-05,GsozFxS9,74.0,6.912999999999999,BBB
LLLg8XOr40h,12cxjrp8,1973-12-28,75.0,6.797999999999999,1987-11-11,chisgPea,82.0,3.562,LLL
CCtKmsRZCY,12iUKGWQ,1993-03-26,5.0,5.476,1959-07-07,FPw3SB0B,-15.0,-2.8710000000000004,CCt
DDDDjA1XBUDA,12kZ7LbW,1986-04-26,-13.0,9.634,2007-08-08,GWFA6HD3,-7.0,7.556,DDD
AAAyJlOA8qe,12mMbZQT,1957-02-08,-82.0,1.663,2016-01-14,6okXgLGE,-80.0,3.408,AAA
BBBLzpNCUwF,12n34tve,1993-03-16,-75.0,-7.452999999999999,1962-02-24,mmCg0XNV,-72.0,6.322,BBB
HHHkHnRANgC,12nKwzrF,1981-10-27,59.0,6.922999999999999,1951-06-13,I2LsfANW,16.0,6.774,HHH
EEE5YAqRPHM,12pHEXAa,1964-07-07,71.0,-4.704,1963-11-19,h84FZ2a2,-95.0,1.135,EEE
CChfpfJKBz,12zfos3e,1998-02-16,34.0,5.066,1996-09-04,KQ0DBpUQ,92.0,3.219,CCh
BBBXpjcrMKO,13Czy0oZ,1951-08-05,25.0,2.195,1999-03-15,UzLlN2oN,73.0,-9.759,BBB
GGiVnvkzW0,13eefNSF,1986-08-06,81.0,-5.135,1952-09-10,S5XfLfw7,-96.0,7.04,GGi
FFMMv6psGP,13FrVxTc,1994-09-10,-40.0,8.827,2010-07-06,Y4GKmtKN,45.0,-6.412000000000001,FFM
FFT296KjGQ,13HFWvCs,2005-12-25,-40.0,1.173,2007-08-04,Bm4Tnp4T,2.0,-0.917,FFT
AAAUO58OmM1,13yKeO7i,2003-04-03,-70.0,8.466000000000001,1984-12-20,3ymjo8gf,-77.0,0.72,AAA
DDDDOGiuJezM,13irWMZ1,1986-02-03,-86.0,5.855,1978-04-18,Q1pV3icw,-34.0,5.807,DDD
FFunJcvsMk,13KUmZBH,1957-10-06,-79.0,-6.192,1995-05-21,QnuO1KKP,66.0,4.89,FFu
KK7U6mlBbo,13NRZwMC,1983-12-04,-23.0,7.396,1985-10-25,7cANyNMG,-40.0,9.086,KK7
AAA2nLE6uTJ,13snQ9MY,1968-07-29,-76.0,-2.1830000000000003,1957-09-26,9mJwfXSD,-26.0,3.3369999999999997,AAA
GGjWiOrH5k,1451eiso,1991-04-01,-97.0,0.736,1985-03-13,DujCmonB,95.0,-2.697,GGj
BBBbzfysNw1,14aoWfPt,2002-08-04,85.0,5.1770000000000005,1985-10-24,3byEvJ20,-33.0,-3.95,BBB
EEEoBcnK7YA,14NpG8uK,2016-10-15,74.0,-6.715,1999-04-24,ynPNvvH7,-99.0,8.871,EEE
CCXcH5NVoE,14UaxDyu,1985-11-30,-96.0,-2.373,1977-03-02,wYFevL4l,-43.0,1.756,CCX
EEE1HmbMFX4,14UwOP92,1997-09-23,44.0,-0.633,1961-06-05,5O2rMhAw,-99.0,6.101,EEE
LLLZ0C2Pt70,14vpyvyD,1975-12-06,-9.0,5.874,1958-12-31,ZEWVN1AL,-67.0,-4.9,LLL
KKDK8Q6eOc,14xhbZvy,1968-04-29,-58.0,1.9580000000000002,1988-07-17,G79nIwcq,-50.0,8.097000000000001,KKD
GGKEkuhiZO,150lVKZj,2014-11-04,-100.0,-5.103,1952-06-01,ZToBZR3N,72.0,-0.441,GGK
HHHvByk7C4K,1519ri1S,1961-11-11,79.0,-0.647,1953-03-30,ZyiyuQZz,2.0,-4.777,HHH
CCzDeWSOO2,154y7pBR,1955-08-23,-18.0,-3.583,2000-11-25,bWGm8yDN,16.0,8.013,CCz
BBB2G3q3TWx,15D5PtIM,1971-11-21,63.0,6.407,1962-02-24,EDvsmvW9,-40.0,3.196,BBB
EEESlmkg4Jp,15f5PiTT,2010-08-24,77.0,3.635,1971-11-30,oGyKjZFu,-13.0,7.66,EEE
LLLLf6kaOXM,15GFguoY,2002-12-18,99.0,1.051,1961-03-25,DNLTvIJ5,42.0,9.702,LLL
FF89gg0nAp,15GsHpTg,1958-05-03,-83.0,4.893,1956-08-07,DOPDhQ7Y,-8.0,2.775,FF8
KKgK3ra1h1,15pq9JGv,2003-03-05,58.0,-9.69,1982-04-28,068mGVqc,-73.0,-2.963,KKg
FFZiByvCDV,15srNsRj,1953-12-08,-42.0,2.088,2006-10-11,cPjiIHqR,83.0,-3.258,FFZ
BBB31oCNwQg,15T8LikE,1985-09-12,-30.0,-3.38,1975-07-06,SEi5AiIu,73.0,6.992999999999999,BBB
CCvllEgN9s,15uBAGtQ,1951-03-21,-14.0,4.074,1951-09-24,IEUQMoei,-82.0,-4.081,CCv
AAAKx6M8CsC,16Be9UNu,1954-12-27,98.0,-2.9019999999999997,2000-12-07,9UpLDyoz,11.0,-5.75,AAA
AAAWXwYK6I6,16BFGYSU,1972-05-02,93.0,-7.252999999999999,1999-03-07,5RbH6Jcy,32.0,-8.254,AAA
GGIc2mNKps,16bgUpDF,1966-09-19,37.0,7.294,1994-05-28,oB7SKtsx,-52.0,0.601,GGI
AAA6g8ASeeM,16Bj0Zqt,2000-12-14,29.0,7.292999999999999,2003-05-22,Sf2gGBPp,-1.0,-0.895,AAA
CC2g2PRfqb,16c0zHpz,1997-05-13,-71.0,1.985,1987-01-16,IOVXfbzk,82.0,3.466,CC2
HHHwZ6jyVh8,16E2Rbop,1979-05-31,74.0,-2.6430000000000002,2011-06-16,rBOzOJOS,89.0,0.847,HHH
CCfquH3DPm,16gD5u5C,2001-01-24,-57.0,3.514,1987-09-24,mhXQ99Ij,50.0,-4.64,CCf
EEEG84lhtJw,16ggsTHs,1976-06-21,45.0,7.058,1970-08-08,UsIcbnb9,63.0,-0.8909999999999999,EEE
GGyjGh9MRO,16YNLwzg,1953-12-05,-62.0,5.225,1954-11-12,tIIAD21n,13.0,-3.315,GGy
AAAYOGBTCM9,16yojshJ,2013-11-19,25.0,-0.7979999999999999,1952-06-27,K5fJcAF9,-31.0,3.388,AAA
BBBPTaIUs40,16Lio8Fg,1979-05-01,-5.0,6.72,1991-12-31,NKKDloLW,16.0,-8.346,BBB
HHHz7ac1E5C,16OTrbtq,1958-04-10,-92.0,2.3890000000000002,1954-09-14,bVGpSFkU,55.0,-8.234,HHH
HHHSl0BrEFY,16OW0yVT,2001-09-11,37.0,6.205,1987-06-20,SZBfYqBu,41.0,3.181,HHH
FFlxQskHVb,16sMyINb,2015-03-10,-99.0,5.136,1984-02-04,eUF6NFge,-25.0,1.534,FFl
CCvnfgTpKJ,16VOCwln,2011-07-12,-45.0,5.9,1992-11-26,cIUDEKa6,-33.0,-2.142,CCv
EEEioHEvKQI,16vsE0i8,1976-01-09,55.0,8.437999999999999,1964-01-09,h45qGKci,-95.0,1.358,EEE
EEEjq0GIr8g,17cHGS2O,1974-02-25,46.0,-3.563,2006-09-22,mKqHhNyZ,-34.0,-0.659,EEE
CCsPGjKsD7,17Hc6b0m,1958-03-26,13.0,2.456,1960-01-26,BA1w1uLb,-13.0,-9.677999999999999,CCs
KKmkfBoztL,17iI0RIs,1970-03-23,-83.0,9.356,2016-01-07,kgAp6Ivu,-83.0,0.084,KKm
GGDkbyQWBN,17j1UsBV,2012-05-01,31.0,-9.945,1981-01-07,kSKKoTNs,25.0,1.669,GGD
DDDDpcMJb6VK,17lN407Z,1952-02-06,-99.0,-8.517000000000001,2008-10-06,urYbbhBi,20.0,-2.315,DDD
EEEQZG5rynX,17Pys0UT,1977-11-26,-100.0,-5.6160000000000005,2013-01-09,7hE7alPH,17.0,-1.4969999999999999,EEE
EEEDWE1ECVu,17QZfg9N,1986-10-09,92.0,-2.801,2004-07-11,4LaV7X6j,69.0,7.518,EEE
FFnZnY7iNp,17wCj0Cf,2007-04-20,84.0,-1.141,1957-09-24,1qj2PKgl,-96.0,5.763,FFn
GG6DNwYRgK,17WjIi3n,1956-07-06,42.0,3.5860000000000003,1996-02-18,HXIHm4tF,93.0,-8.898,GG6
EEEB62sBW8L,17Wwa7uM,1954-04-02,26.0,6.181,1965-10-10,sZylY1um,11.0,4.7589999999999995,EEE
KKZwPzj3UO,180sapbc,1960-01-12,-66.0,-2.464,1951-09-27,ZncHv3zu,-2.0,6.103,KKZ
HHHkqBcubXc,187EZuRQ,1952-12-10,63.0,-8.892000000000001,1987-05-24,IYHbHLDb,24.0,-7.515,HHH
EEEzzk98P1Z,18AMkTPf,1966-10-13,34.0,-5.782,2014-05-10,S4N41htb,-51.0,3.364,EEE
EEEKbGORQx2,18CjtuYs,1980-08-19,-35.0,-5.82,1963-03-11,Og9fPRMf,-99.0,-8.365,EEE
KKYBRxfmc8,18f5rqeY,1961-10-04,18.0,-7.359,2010-12-01,K0LOwj7U,12.0,-0.198,KKY
DDDDHuEx4KJk,18i5DZQL,1959-08-12,-22.0,1.214,2005-05-10,Sn9pfGZD,40.0,2.414,DDD
EEEzkSFLbur,18YRUrIZ,1959-05-20,-31.0,-2.259,1975-12-02,p8SziFcK,15.0,2.4,EEE
DDDDva6DXJN9,18O6my5x,1973-09-19,-73.0,4.459,2002-01-20,zBXl74Nv,78.0,-5.1339999999999995,DDD
CCIs1QlVPB,18QvXZvp,1999-04-02,65.0,4.596,1973-10-23,W6UFIGcJ,-42.0,8.347000000000001,CCI
GGLsV3E8iV,18r9muJ3,1963-06-12,-100.0,-6.465,1998-07-22,VmaZiKjn,-47.0,3.925,GGL
DDDDS0HzilA9,18TjXDOS,1982-08-26,39.0,-1.94,1988-09-04,OE2v18sl,66.0,7.894,DDD
FFzVishvaj,18Z55X2c,1968-03-06,-71.0,9.54,2014-05-30,lznk1Psc,46.0,5.167000000000001,FFz
EEEROP6OCCu,195AxXSM,1985-05-11,38.0,3.278,2010-08-17,pW5uobnq,15.0,9.672,EEE
FFUnxC3lek,19AFkCXc,2000-06-18,43.0,-3.8739999999999997,2003-12-08,1xTwXhSt,36.0,-5.961,FFU
CCfwN7XC2b,19EtLgwT,1956-01-17,55.0,8.577,1951-07-11,4XJ5E8Eo,-46.0,-1.145,CCf
AAAGojLU691,19fPnSsy,1994-07-31,-38.0,-2.886,2014-02-21,nW4zBhEo,-96.0,3.137,AAA
HHHyR89CwXx,19HYSH4e,1964-05-12,-96.0,-5.154,1966-12-30,3S7Y5G4M,11.0,-4.141,HHH
EEEJ62WzXLP,19NZ8wN7,1956-05-05,-47.0,-1.349,1983-04-12,Sun8BoP4,-30.0,2.6889999999999996,EEE
LLLqili3AOe,19OQHc3b,1992-04-09,-7.0,7.2410000000000005,2007-01-15,B4V86V0g,-77.0,3.8310000000000004,LLL
FF9u84SNXE,19Uji5ww,1993-08-02,-79.0,-9.437999999999999,1979-08-30,9phsTH1t,-15.0,-8.566,FF9
AAAGKEfYr7U,19V7H5s1,1984-11-26,-26.0,-4.388999999999999,2014-11-03,RqnXq6gQ,-8.0,-5.466,AAA
HHHo0ia9WxU,19VEx3Jh,1982-12-07,37.0,-6.608,1998-02-23,K2YNFfwg,39.0,0.7070000000000001,HHH
LLLnzj1GpQI,19vu2gY7,1960-04-20,-69.0,7.55,1960-05-15,7O6PRIuj,52.0,-3.585,LLL
CCfVjZ3tFe,1A0tmIjJ,1991-11-09,-51.0,-5.465,2001-10-17,6qNkwXhk,-87.0,-2.323,CCf
FFyt2XatIG,1A26QNB2,2013-03-05,-28.0,-4.978,1990-06-01,K7SX0f26,36.0,6.926,FFy
FFUc8WF4OJ,1A3AA7oa,1992-08-07,98.0,5.987,1964-04-30,OZQUhVbT,-59.0,-6.294,FFU
EEETnByrs2L,1A46VnpW,1955-11-10,-21.0,-7.478,1953-09-03,AqVp8gO5,-32.0,-5.96,EEE
EEEOV3E7moT,1a7bQK5u,1976-02-09,82.0,-2.4730000000000003,1956-07-20,73NhECjW,-51.0,7.938,EEE
CC3FCkRHTw,1aGIhYI3,1958-11-26,19.0,-2.698,1998-06-14,rOlT6gTr,39.0,9.792,CC3
BBBGF9w6VCn,1agqKN7W,1952-02-10,90.0,-5.457000000000001,2006-06-12,UkNXSuDa,-75.0,-3.074,BBB
HHHO72rcKqf,1ahWm7T9,1952-02-14,-24.0,7.151,2007-10-27,cMtBuDVF,60.0,4.388,HHH
GG4wLaiY1I,1aIp7UjV,1992-11-18,-93.0,6.654,1955-01-23,0IXs14Em,-23.0,-4.987,GG4
KK7i8ShGyz,1alEu6zQ,1959-04-05,75.0,2.319,2001-06-14,ITmraRev,-75.0,-0.718,KK7
FFXJQYiog0,1AoIeILT,1988-08-20,-70.0,2.217,1954-04-02,sKmMuthk,-17.0,3.447,FFX
KKKeK47afv,1AT7sbbm,1969-07-24,-81.0,8.156,1951-08-08,rNXGQrqp,-69.0,-0.568,KKK
AAAvB84WTZw,1aUEpCMc,1969-12-15,-34.0,-0.85,2009-12-27,iWwMY4Im,-27.0,2.511,AAA
DDDDMPx56Q2E,1AUgoKG3,2003-03-21,-51.0,-8.099,1988-07-06,SyjXLVfI,-64.0,6.577999999999999,DDD
LLLm6vTBkqR,1aUho7pb,1981-02-02,-58.0,7.077999999999999,2006-06-02,kzFfS8bN,0.0,-0.9390000000000001,LLL
KKPkMfbQbB,1aW54D0p,1992-02-26,64.0,-7.4239999999999995,1967-07-22,HPfPyhgP,-85.0,1.349,KKP
EEEh9xpVBpH,1awQarRj,2002-12-25,41.0,3.377,2012-05-29,YrV5y3e4,19.0,-0.848,EEE
HHH9LAzOSEk,1B0qS1ys,1961-01-04,91.0,-4.332,1963-06-21,2v3lLgom,-99.0,-7.187,HHH
HHHge2XRk8K,1b3AsJyP,1999-04-04,54.0,2.736,1957-10-30,li1swC73,-74.0,7.724,HHH
GGrvgaxxI6,1B4r8x2t,1973-10-25,83.0,2.609,2012-03-21,D86SFKtF,-5.0,0.6829999999999999,GGr
FFruAfYCGh,1B517517,1985-07-05,-18.0,-7.007999999999999,1955-07-02,hNuMatMq,-48.0,-9.342,FFr
CC3ZVSYFx7,1b7nFaep,2003-12-16,-34.0,5.847,1995-04-22,SWBGiFCI,17.0,-9.281,CC3
KKugxykNkh,1b7WJi46,1995-10-29,94.0,7.534,1968-10-10,KxoufF6I,47.0,-4.263,KKu
LLLFOccuyO4,1BaBobu0,1981-05-27,-17.0,7.814,2002-11-06,lzOu5QQ2,73.0,-0.44799999999999995,LLL
FFvmCCQDbO,1BC2LYqs,1984-08-18,16.0,6.901,1991-02-12,ixfTqrJT,98.0,5.426,FFv
EEEHKHbLJOW,1bctKpht,1978-02-11,-49.0,0.337,1987-10-07,cLFgN3SP,5.0,-2.405,EEE
KKYVaxrVAs,1BD2yr9J,1986-11-29,39.0,-7.7989999999999995,1994-11-01,usgM5cG6,-58.0,4.526,KKY
GGRuEON8TQ,1beaiHiQ,2009-02-10,4.0,-1.65,2006-09-19,yoO2A5uB,-91.0,-8.244,GGR
HHHsGU2G5mP,1BEcgQ6Q,1986-10-11,26.0,5.357,1989-08-17,er5UrVSh,67.0,3.695,HHH
AAA0UtwlA0x,1bEvVZSG,2000-07-04,-10.0,-3.1919999999999997,1968-04-16,qXsYRy1G,-44.0,-3.78,AAA
EEESqzexXbT,1BFlIOpg,1991-06-06,-50.0,0.172,1975-06-26,N98oE7mv,-58.0,2.49,EEE
BBB0eb9iwJO,1BGNVgL6,1967-05-23,-89.0,2.741,1958-12-27,R4Dw69tB,10.0,9.922,BBB
KKIaLa1Ga6,1bIh32j0,1968-08-07,-52.0,-5.635,1954-01-12,wjnQLZYX,-39.0,-7.999,KKI
FFHoAxrGpj,1Biplgiu,1975-11-17,37.0,-9.804,1984-12-07,635NHtvI,-98.0,-3.625,FFH
HHHTAx7UaQt,1bIwMrzV,1958-10-18,-26.0,-1.348,1975-01-05,8hZBx5C2,-25.0,-2.305,HHH
KKQsDv1jSt,1bkcMC2X,1968-01-01,47.0,2.293,1959-07-18,EeVSw9CI,-79.0,9.407,KKQ
EEEJwFo6FmU,1BkpIUnb,1981-08-02,-55.0,-4.899,1969-11-27,5w5zJruw,-92.0,-4.648,EEE
GGm7UAkN7L,1bKppOAW,1981-08-08,-88.0,-8.894,1995-11-10,pVkRczqs,-79.0,-0.19,GGm
LLLmHBQEoMt,1bLBCi7W,1986-08-03,23.0,5.317,1961-05-11,onNkBxmG,-46.0,2.522,LLL
CCIykOoeMn,1BLhHOWE,1980-02-12,-14.0,1.3419999999999999,1957-07-08,H46C7KqF,90.0,-9.048,CCI
KK6Kl7QbGi,1Bmovpb6,2006-12-31,-78.0,-8.123,2005-10-01,gEEOsRB9,61.0,6.695,KK6
DDDDcZvYQ3UG,1bqhkLq7,1951-01-21,-15.0,-8.976,2011-02-26,nKw0D9jK,58.0,-4.775,DDD
KKwZH5ATqN,1BSI6HsV,2014-07-26,-33.0,2.9589999999999996,1973-04-10,BAoAOIuk,-33.0,1.034,KKw
LLLBm7CKlQB,1BsXzye4,1954-03-21,80.0,-1.942,1963-01-24,DFbfI8Xh,-51.0,-4.2780000000000005,LLL
GGlSe1Ncpc,1BtENzrX,1955-08-26,-57.0,-7.301,1978-08-08,WhanAs60,-75.0,1.6840000000000002,GGl
BBBCKgeWIs2,1bX0ruwv,2005-09-15,-69.0,-6.961,1967-05-07,HICw7f7X,-9.0,-1.045,BBB
FFKRatgcTG,1bzFsA72,1983-02-12,46.0,-4.051,1976-08-21,gzThYRls,-27.0,7.321000000000001,FFK
BBBvTqbHZYt,1C1l47J0,1964-04-10,24.0,0.222,1993-07-18,XMsll2LB,-55.0,0.408,BBB
DDDDXFHB67wR,1C8CvaBb,1994-11-24,92.0,9.765,2011-11-06,W0KqgUjG,-20.0,1.175,DDD
HHHAulx6lY4,1CctNu3Y,2000-07-03,41.0,0.32299999999999995,1969-06-06,O32QLj19,-82.0,-4.742,HHH
HHHoqWmaYry,1CGriSJ8,1956-01-18,-32.0,-8.607999999999999,1971-08-21,4pzF155x,-32.0,2.08,HHH
EEEP6lYESH0,1ch7Nelj,1971-05-29,3.0,-7.417999999999999,2000-12-28,N7HPe5yG,-55.0,9.69,EEE
EEEE4GK9SKh,1ChyVE5W,1996-11-07,94.0,-8.288,1998-06-11,JFksuLQO,36.0,1.15,EEE
CCY0uYYfLR,1CYBqXuE,1963-03-20,71.0,-8.133,1960-01-19,Lajez7IS,-2.0,-4.288,CCY
KKmOFTIeaY,1cyiBrRx,1981-07-11,97.0,8.004,1984-08-23,Hjn2opQW,49.0,1.38,KKm
DDDD9m1VYptu,1cIrK30c,1992-06-28,-11.0,-5.132000000000001,1964-05-08,vlGJ6hAW,-11.0,2.846,DDD
BBB4yVSIt4y,1cYtRGf7,1980-12-27,-61.0,7.099,1994-09-09,UrDSZhGK,86.0,6.277,BBB
LLL3O61WtHp,1CJH1M6I,1967-01-08,94.0,9.88,1986-05-12,3H7xN7gZ,63.0,-7.727,LLL
LLLJwX7AtO7,1cJzVS0C,2007-08-04,-84.0,-7.303,1962-10-06,2mmBGPUx,-100.0,6.182,LLL
GGQHv4xywv,1CkwHmUy,1951-04-19,74.0,-0.37200000000000005,1993-08-28,TRfxzLHo,2.0,-4.467,GGQ
LLLP2nDObuU,1ClC41hW,2016-05-08,-9.0,9.986,2008-05-08,IXGFu7cR,-59.0,-7.228,LLL
EEEras7eC1k,1cLQh060,1988-01-30,95.0,-9.402000000000001,2011-02-21,0tc4cbPz,60.0,5.14,EEE
LLLwXe0KoZV,1CluFFQ5,2017-01-29,-76.0,-8.184,2013-11-07,mgifGqhq,47.0,-5.01,LLL
DDDDSKytSI6F,1cnDGB3u,1982-06-24,22.0,-9.3,2004-08-16,8yrDiawT,58.0,3.094,DDD
BBBsaVv8I7F,1Cny2cwN,1963-12-15,-47.0,-4.256,1988-03-02,Y4Uhh7G0,-78.0,-9.886000000000001,BBB
FFPPFRTZZ7,1cNVkbob,1990-11-09,-93.0,6.982,2013-05-04,zy0JE8PH,8.0,-2.685,FFP
GGBu9Dfz2g,1CnXNIIt,2008-05-28,9.0,4.962,1966-04-27,eDlgyhia,72.0,-9.925,GGB
EEEpZm3Nss1,1cOcDUoW,1996-09-27,-86.0,-7.303,1970-07-05,cxcteb3c,71.0,-2.549,EEE
DDDDVzT1eRgF,1CP9Svvx,1991-11-06,65.0,-2.708,1969-06-02,CIC2aEuK,-34.0,-6.178,DDD
LLLpICsUbm3,1CPcQCwC,1962-04-23,81.0,-2.9589999999999996,1954-06-22,aDOnzFni,-99.0,-2.5469999999999997,LLL
GGJQO22GsJ,1CSkOQRx,1976-05-27,76.0,-1.082,1962-05-12,qJU58loP,-39.0,-6.4910000000000005,GGJ
BBBaOhPgzcL,1CsLJuQp,2002-11-19,-15.0,7.729,1954-03-30,1lDISnM0,16.0,7.492000000000001,BBB
AAAB88gmGWg,1CSu6CS0,1983-11-10,-29.0,4.742,1991-05-29,DaiSfvMe,48.0,7.772,AAA
KK0iABoJyu,1cUZ5ZTu,2000-04-07,0.0,0.976,1976-05-27,4oIFY9WW,86.0,-1.485,KK0
BBB6ISRJOxF,1CVo05Qy,1965-01-31,60.0,-5.898,1986-10-20,VjoUVEVS,-53.0,-4.888999999999999,BBB
GGz6NxnOBh,1CvQZHUj,1972-11-24,99.0,-4.077,1954-01-25,SAWZXmTZ,38.0,3.63,GGz
FFrDfu9O6z,1CZrGhDq,1952-08-23,-48.0,-6.391,1981-07-18,b56gm5CB,95.0,8.937000000000001,FFr
CCy7IKUfks,1DgcyMor,1959-08-02,22.0,-2.5380000000000003,2011-12-12,ZFsJTA9C,46.0,-9.957,CCy
LLLILbjEkOP,1DHCvA9G,1990-04-15,-25.0,-1.01,1958-05-03,r1TUjw4Z,-89.0,7.865,LLL
DDDDVDqv8NSp,1DhWmR8L,1962-01-12,10.0,-2.151,1962-05-20,KnKuicKh,-84.0,-8.705,DDD
HHHlqlIMl0Z,1Dinwj2k,1987-02-03,-41.0,-3.173,1958-07-11,Riqk4opJ,-87.0,5.425,HHH
DDDDNMftGao8,1DIUEk4J,2010-10-15,-70.0,0.634,2001-07-29,1RSfPNyB,-16.0,4.771,DDD
HHHZ5P1NlXs,1DjZrEID,1999-03-15,21.0,7.459,1953-04-08,UQjIUXB1,58.0,6.919,HHH
AAA3EP3qrUk,1Dnol1uf,1981-10-31,21.0,5.1579999999999995,1958-10-25,Mha7YBzQ,-96.0,-3.759,AAA
AAA0K91R419,1DPLiJbD,1978-09-11,-43.0,6.047999999999999,1973-12-31,8EWsEELJ,23.0,2.665,AAA
CC6rfNHx5h,1Du00Hon,1997-08-12,41.0,-1.475,1953-11-01,nUQ4pKKE,-82.0,-1.935,CC6
FF260K0Gqr,1DZQEeU3,1954-07-19,23.0,-0.705,1957-11-15,uuHOX5J4,30.0,2.3569999999999998,FF2
FFEBMz4ker,1E2wBLxx,2006-09-14,75.0,2.8489999999999998,2013-10-24,Za4kfYu3,-28.0,-9.291,FFE
EEE0TZCyt8G,1E3J7DiW,1996-06-02,15.0,5.194,1973-12-26,FCp4ignX,-56.0,-1.229,EEE
LLLAYeBpik9,1e3JjRBT,1971-12-11,-48.0,3.949,1956-04-16,sUAWezXy,-88.0,1.067,LLL
CCxM93REaZ,1E5J5j0h,1961-06-12,80.0,7.803999999999999,1956-03-27,pSp9wFZl,-27.0,8.386000000000001,CCx
CCGjsL3AZQ,1Eag0Yvy,1967-10-10,22.0,9.971,2007-03-22,lgLxEfmJ,-51.0,-2.502,CCG
EEEp8LZa13W,1eakywBE,2001-08-09,-84.0,0.722,1956-06-30,pWeKCeM4,20.0,3.2910000000000004,EEE
KKP3bbuhWR,1eDaDDEZ,1981-10-08,69.0,-7.756,2000-12-06,hz42x20b,-98.0,5.872999999999999,KKP
LLLxk9JK1zc,1eDMxCkU,1986-12-26,-15.0,-0.805,1994-09-11,mKYrWB0o,-45.0,-4.447,LLL
AAA3TqBa6n8,1EFUXtGZ,2005-08-09,78.0,-5.6339999999999995,1992-09-15,BJc4V6wE,-58.0,-5.933,AAA
KKnh4YaxJN,1EhBazgm,2007-05-16,35.0,1.946,2009-01-16,svrhkqlt,22.0,0.223,KKn
KKES2twS4X,1eYeGNgD,2006-05-04,-23.0,3.7310000000000003,1993-07-02,SRReFKSu,-55.0,-5.475,KKE
CCv9hreP85,1eJ9usv7,1996-06-15,81.0,4.564,1959-03-08,GzPfkpqf,-42.0,-8.687000000000001,CCv
LLLvOlXjCsK,1eJf4bAS,2006-06-18,88.0,5.459,2012-06-17,rgyehba7,80.0,-6.022,LLL
AAA24u1RfAh,1Ejmjwp8,2008-03-03,-99.0,-5.393,1985-09-02,5GCNqyZm,-51.0,9.448,AAA
GG4abtimOO,1eNGqqD1,1980-02-28,71.0,9.898,1956-02-19,y65CbNXb,-65.0,2.6239999999999997,GG4
CCbmPSFE3m,1EOa7jJ6,1990-01-19,-93.0,8.047,2003-09-13,fVGLXslL,44.0,8.743,CCb
BBB7FlDvs77,1eOBEB1u,1964-07-24,-67.0,0.177,1969-07-24,OnOmvKbS,-82.0,-4.868,BBB
FFm3FDyh3p,1EpkTomo,1956-02-18,92.0,1.275,1959-03-28,BXnhB789,38.0,1.7280000000000002,FFm
